NUMBER,VESSEL DESIGN,CONSTRUCTION DATE,UPGRADE DATE,CLASSIFICATION,MAXIMUM WATER,DEPTH EQUIPPED,MAXIMUM WATER.1,DEPTH RATING,MAXIMUM DRILLING DEPTH,CURRENT CONTRACT,AREA OF OPERATION,TOTAL VESSEL POWER,MAX. VESSEL SPEED,QUARTERS CAPACITY,LENGTH,TRANSIT DRAFT,OPERATING DRAFT,WIDTH,MAX. VARIABLE LOAD,MOONPOOL SIZE,D.P. RATING (if applicable),THRUSTERS,SIZE of CHAIN,CHAIN GRADE,LENGTH OF CHAIN,WIRE ROPE Diameter,LENGTH of WIRE ROPE,ANCHOR SIZE,PEDESTAL CRANE 1,PEDESTAL CRANE 2,PEDESTAL CRANE 3,PEDESTAL CRANE 4,RISER HANDLING CRANE,DERRICK RATING,DERRICK MANUFACTURER,DERRICK FOOTPRINT,DRAWWORKS,drawworks,drill line size,rotary table size,IRON ROUGHNECK,top drive,HEAVE COMPENSATOR,heave compensAtION,CAPACITY,COMPENSATION TYPE,(ACTIVE/PASSIVE),PIPE RACKING SYSTEM,DRILLING,INSTRUMENTATION,5-in. DRILLPIPE,5.5-in. DRILLPIPE,6.625-in. DRILLPIPE,3.5-in. DRILLPIPE,MUD PUMPS,MUD PUMPS.1,mud pit active volume,mud pit reserve volume,Unnamed: 59,bulk storage capacity,DEDICATED COMPLETION,FLUID VOLUME,Gumbo Buster,shale shakers,desander,desilter,riser tensioner,(Total capacity ),RISER TENSIONERS,RISER TENSIONERS.1,DIVERTER SIZE,CLASS of RISER,RISER SIZE,RISER JOINT LENGTH,FLEX JOINT (Top/,Bottom or both ),RISER MANUFACTURER,RISER STORAGE MAIN,DECK or “IN HOLD”,BOP OPERATING PRESSURE,C&K LINE SIZE,RAM BOP’s,RAM BOP’s.1,ANNULAR BOP’s,ANNULAR BOP’s.1,BOP stack envelope,dimensions,Total BOP stack Wt.,(including LMRP),WELLHEAD CONNECTOR,BOP CONTROL SYSTEM,BOP CONTROL SYSTEM.1,"SHEAR 6.635"" drillpipe?",RISER HANG-OFF CAPACITY,AUX. LINE SIZE,RISER & RISER TENSIONER DATA BOP & BOP CONTROL DATA,yr. yr. society ft,Unnamed: 98,Unnamed: 99,Unnamed: 100,Unnamed: 101,Unnamed: 102,Unnamed: 103,Unnamed: 104,Unnamed: 105,Unnamed: 106,Unnamed: 107,Unnamed: 108,Unnamed: 109,Unnamed: 110,Unnamed: 111,Unnamed: 112,Unnamed: 113,Unnamed: 114,Unnamed: 115,Unnamed: 116,Unnamed: 117,Unnamed: 118
1,ATWOOD,EAGLE,SS,Korkut,New,Era,1982,2002,ABS,5000,5000,25000,3Q/16,Australia,7800,-,120,325,200,24,55,4500,20x40,,,3.25,ORQ+20,3300,3.5,10000,13,52.5,30,-,-,45,1200,Pyramid,40x40,3000,Oilwell,1.5,60.5,Varco,Varco-TDS-4S,W.G.,650,P,none,Petron,-,15000,-,-,3,N-O,A1700PT,3624,1282,2614,10000,Y,3+3,1,1,1600,12,W.G.,59,E,21,75,B,Vetco,5000,10,3.75,3.8/2.5,2,4,Cameron,2,Shaffer,13x15,340,H4E,Bias,Shaffer,Y,960,,,,,,,,,,,,,,,,,,,,,,,,,,,,
-,ATWOOD,FALCON,SS,Korkut,New,Era,1983,2011,ABS,5000,5000,25000,3Q/16,Australia,7800,-,122,325,226,24,55,4400,20x40,,,3,R3S,4500,3.5,8000,10,45.5,33.5,-,-,15,1000,Pyramid,40x40,3000,Oilwell,1.5,60.5,NOV,Varco-TDS-4H,W.G.,650,P,none,Petron,-,1,,,,,,,,,,,,,,,,,,,,,,,,,,,,,,,,,,,,,,,,,,,,,,,,,,,,,,,,,,,,,,,,,,
-,ATWOOD,HUNTER,SS,Korkut,New,Era,1981,2001,ABS,5000,5000,25000,-,West,Africa,8050,-,120,290,246.7,24,55,3630,20x40,,,2.75,ORQ+20,4500,3.25,8000,11,52.5,31.5,-,-,30,1200,Pyramid,40x40,3000,Oilwell,1.5,49.5,NOV,ST80,Varco-TDS-4S,W.G.,650,P,non,,,,,,,,,,,,,,,,,,,,,,,,,,,,,,,,,,,,,,,,,,,,,,,,,,,,,,,,,,,,,,,,,,,
2,ATWOOD,OSPREY,SS,F&G,ExD,Millennium,2011,-,ABS,8200,8200,32000,2Q/17,Australia,-,-,200,354,244,27.4,55.7,7000,-,,,3.75,RQ-4,3500,3.625,6000,13.22,115,115,-,-,25,2000,Loadmaster,46,x,52,6900,NOV,2,60.5,NOV,ST-120,NOV,TDS-1000A,NOV,AHD,-,A,NOV,HydraRacker,NOV,-,20000,-,-,4,Lewco,15950,incl.,-,28000,Y,6,1,1,3600,6,NOV,60,-,20,75,B,Aker,7000,15,3,-,2,5,Hydril,2,Hydril,-,-,H4,Mux,Hydril,-,-,,,,,,,,,,,,,,,,,,,,,,,
3,OCEAN,AMERICA,SS,Odyssey,1988,2004,ABS,5500,5500,30000,2Q/15,Australia,18120,-,123,401,259,27,80,7835,21x44,-,,3.25,AB/RQ4,4775,3.5,5600,11,78.5,78.5,90.3,-,30,1800,Branham,40x40,3000,C-E,1.625,49.5,Varco,AR3200,Varco-TDS-4S,Shaffer,600,P,BJarm,Petron,-,15000,-,-,3,Continental,Emsco,FB1600,2820,5220,1800,24000,N,5,1,1,1280,8,Shaffer,49.5,E,21,50,T,Cameron,6400,15,3,2.5/4,4,4,Hydril,2,Cam./Hyd.,14.5x19.6,473,Vetco,H-4,HYD,Cameron,Y,2500,,,,,,,,,,,,,,,,,,,,,,,,,,,
4,OCEAN,APEX,SS,Enhanced,Victory/Crucifix,Form,2014,-,ABS,5000,6000,30000,1Q/15,Vietnam,12000,4.5,140,328,320,46,74,7000,41x81,,,3.25,RQ5,4200,3.75,8000,16,56,50,80,35,-,2000,NOV,40,x40,4000,NOV,Udbel,2,49.5,NOV,ST-120,NOV,TDX-1000,NOV,800,P,NOV,BR-10-SD-D,-,-,-,-,-,4,NOV,14-P-220,-,8000,-,25000,-,-,-,-,1600,8,-,24,FT-E,-,75,-,Shaffer,-,15,3,-,-,5,Shaffer,2,Shaffer,-,-,-,-,-,-,-,,,,,,,,,,,,,,,,,,,,,,,
-,OCEAN,BARONESS,SS,Victory,1973,2001,ABS,7000,8000,35000,3Q/15,Brazil,12940,4,138,324,327,42,74.5,5500,91x25,-,,3.25,ORQ+20,4200,3.5,10000,11,62,62,62,-,40,2000,Loadmaster,48x46,4000,National,2,60.5,Hydralift,National,PS-1000,Hydralift,1000,P,,,,,,,,,,,,,,,,,,,,,,,,,,,,,,,,,,,,,,,,,,,,,,,,,,,,,,,,,,,,,,,,,,,,,,,
5,OCEAN,ENDEAVOR,SS,Victory,1975,2007,ABS,8000,10000,35000,4Q/15,Italy,12940,4,140,324,327,42,74.5,6000,91x25,-,-,3.25,RQ4,4200,3.5,10800,11,89.5,89.5,56,-,41,2000,National,48x46,4000,National,2,60.5,Hydralift,National,PS-1000,Hydralift,1000,P,Bridgeracker,Hitec,-,-,8000,-,4,N-O,"FC2200(3),",A1700PT(1),2943,13000,incl.,26480,Y,5,1,1,3600,6,Hydralift,60.5,F,21,75,T/B,S&S,8000,15,4.5,4,4,5,Hydril,2,Hydril,16.4x19.6,694,DWH4,MUX,Hydril,Y,2500,,,,,,,,,,,,,,,,,,,,,,,,,,,,
-,OCEAN,MONARCH,SS,Victory,1974,2008,ABS,8000,10000,35000,1Q/15,SEAsia,12940,4,150,324,327,42,74.5,6000,91x25,-,-,3.25,RQ5,4200,3.75,10400,16.5,89.5,89.5,56,-,37,2000,National,48x46,4000,National,2,60.5,Hydralift,National,PS-1000,Hydralift,1000,,,,,,,,,,,,,,,,,,,,,,,,,,,,,,,,,,,,,,,,,,,,,,,,,,,,,,,,,,,,,,,,,,,,,,,,
6,OCEAN,ONYX,SS,Victory,2013,-,ABS,6000,-,30000,1Q/15,GoM,10750,4,140,327,315,42,74.5,5600,41x81,-,,3.25,RQ4,4200,3.5,8800,15,60,60,75,35,-,1600,NOV,Dreco,40x40,3000,C-E,1.75,49.5,NOV,ST-120,NOV-TDS-4S,NOV,600,P,-,-,-,-,-,-,4,NOV,12-P-160,-,6900,-,13800,-,-,-,-,1600,8,-,49.5,FT-E,-,75,-,Shaffer,-,15,3,-,-,5,Shaffer,2,Shaffer,-,-,-,-,-,-,-,,,,,,,,,,,,,,,,,,,,,,,,,,,,
-,OCEAN,QUEST,SS,Victory,1973,1996,ABS,3500,4000,25000,4Q/14,Malaysia,9075,4,99,324,336,32,70,5600,19x35,-,-,3.25,ORQ+20,3200,3.5,8800,11,56,56,56,-,-,1150,Pyramid,40x40,3000,C-E,1.625,49.5,Varco,AR3200,Varco-TDS-4S,Shaffer,400,P,-,Totco,20000,-,,,,,,,,,,,,,,,,,,,,,,,,,,,,,,,,,,,,,,,,,,,,,,,,,,,,,,,,,,,,,,,,,,,
7,OCEAN,ROVER,SS,Victory,1973,2002,ABS,8000,8000,35000,1Q/16,SEAsia,12940,4,130,324,327,42,74.5,5500,91x25,-,-,3.25,ORQ+20,4200,3.5,10000,11,110,66,62,-,40,2000,Dreco,48x46,4000,National,2,60.5,Hydralift,National,PS-1000,Hydralift,1000,P,Hydraracker,Hitec,9500,21000,-,8000,4,N-O,"FC2200(3),",A1700PT(1),2943,4000,incl.,17120,Y,5,1,1,3600,6,Hydralift,60.5,F,21,75,T/B,Shaffer,6500,15,4.5,4,4,4,Hydril,2,Hydril,16.4x19.6,694,DWHC,MUX,Hydril,Y,2500,,,,,,,,,,,,,,,,,,,,,,,,,,,,
8,OCEAN,STAR,SS,Victory,1973,1996,ABS,5500,5500,30000,2Q/14,Brazil,10750,3.5,116,336,315,32,74,5600,20x20,-,-,3.25,ORQ+20,4000,3.5,8800,15,60,60,60,-,25,1300,Pyramid,40x40,3000,Oilwell,1.625,49.5,Varco,AR3200,Varco-TDS-4S,Westech,Gear,600,p,-,MD,Totco,5000,15000,-,-,3,National,Oilwell,12P-160,1584,1350,incl.,18520,Y,4,1,1,1280,8,Shaffer,49.5,E,21,75,B,Shafer,5500,15,3,4,4,4,Shaffer,2,Shaffer,14.5x16.67,480,H4,HYD,Shaffer,Y,1280,,,,,,,,,,,,,,,,,,,,,,,,,,
9,OCEAN,VICTORY,SS,Victory,1973,1997,ABS,5500,5500,25000,2Q/17,GoM,9075,4,110,336,315,32,74,5700,20x17,-,-,3.25,ORQ+20,4200,3.5,8800,11,56,56,56,-,25,1500,Dreco,40x40,3000,C-E,1.625,49.5,Varco,AR3200,Varco-TDS-4S,Shaffer,500,P,-,MDT,15000,-,-,-,3,Continental,Emsco,FB1600,3200,incl.,incl.,13800,Y,4,1,1,1280,8,Shaffer,49.5,E,21,75,B,Shaffer,5075,15,3,2.3/4,4,4,Shaffer,2,Shaffer,16.67x16.67,477,H4,HYD,Shaffer,N,2000,,,,,,,,,,,,,,,,,,,,,,,,,,,,
-,OCEAN,WINNER,SS,Enhanced,Aker,H-3,1976,-,DNV,3500,4000,25000,1Q/15,Brazil,3880,4,96,355,248,22,70,3920,15X36,-,-,3,ORQ+20,4500,-,-,10,60,60,-,-,-,1000,Golar-Nor,40x40,3000,National,1.5,49.5,Varco,AR3200,Varco-TDS-4S,Shaffer,500,p,-,MD,Totco,"16,5",,,,,,,,,,,,,,,,,,,,,,,,,,,,,,,,,,,,,,,,,,,,,,,,,,,,,,,,,,,,,,,,,
-,OCEAN,WORKER,SS,Enhanced,Pacesetter,9500,1982,-,ABS,3500,4000,25000,1Q/15,Brazil,13280,4.5,108,303,200,25,65,4428,20,x,23,-,-,3,ORQ+20,4880,3.5,5000,16.5,57.9,57.9,56,-,-,1050,Dreco,40x40,3000,National,1.625,49.5,Varco,AR3200,Varco,TDS-4H,NOV,6,,,,,,,,,,,,,,,,,,,,,,,,,,,,,,,,,,,,,,,,,,,,,,,,,,,,,,,,,,,,,,,,,,,
10,OCEAN,VALIANT,SS,Odyssey,1988,1999,ABS,5500,5500,30000,available,W.,Africa,18120,12,140,401,259,27,80,7050,21x44,-,"4x2,700",3.25,ORQ+20,4500,3.5,5600,12,78.5,78.5,78.5,-,30,1500,DSL,40x40,3000,C-E,1.625,49.5,Varco,AR3200,Varco-TDS-4S,Shaffer,600,P,BJarm,Petron,-,18000,-,-,3,Continental,Emsco,FB1600,2820,incl.,incl.,24000,Y,4,-,-,1280,8,Shaffer,49.5,E,21,50,B,Cameron,5120,15,3,2.5/4,4,4,Cameron,2,Cameron,14.5x19.6,473,H4,HYD,Cameron,Y,2500,,,,,,,,,,,,,,,,,,,,,,,,,,,
11,BLACKFORD,DOLPHIN,SS,Deepwater,Enhanced,Aker,H-3,1974,2008,DNV,6000,7000,30000,3Q/16,India,19300,-,130,355,276,22,70,4500,32x20,-,-,3.25,R4,4200,3.75,9000,15,85,85,-,-,85,1500,Dreco,40x35,4500,National,1.875,60.5,Hydratong,National,EPS,750-E-AC-KT,National,CMC-1500,800,A,HydraRacker,NOV,Cyberbase,-,25000,-,-,3,National,Oilwell,14P-220,2360,2640,2735,17360,N,5,1,1,2400,6,National,60.5,E,21,70,B,Vetco,6000,15,3,4,1,5,Hydril,2,Hydril,,,DWHD,H-4,MUX,Vetco,Y,1500,,,,,,,,,,,,,,,,,,,,,
12,ENSCO,5001,SS,Sonat,1974,1999,ABS,5000,5000,25000,1Q/15,Eq.,Guinea,13000,-,140,378.5,264,33,75,4100,22x94,,,3.25,R3S,3500,3.5,10000,8x14.88,66,50,-,-,35,1500,Bailey,40x40,3000,National,1.75,60.5,M-H,Hydralift,HPS-650,NOV-CMC,600,P,BJ-2,arm,Hitec,5827,26900,-,-,4,2xC-E,FA-1600/1xFC-1600/1xNOV,12-P-60,5308,-,6489,21000,N,4,1,1,1910,10,NOV,Hydralift,60.5,G,21,75,Both,Cameron,6825,15,3.5,1x3.50/2x2.057,3,4,Cameron,2,Hydril,,,Vetco,H4-ExF,MUX,Cameron,-,1500,,,,,,,,,,,,,,,,,,,,,,,,
13,ENSCO,5006,SS,Bingo,8000,1999,1999,DNV,5000,7500,25000,1Q/18,Egypt,12220,-,120,390,234,30,78,8322,21.4x100,,,3.25,R3S,2500,3.75,10600,8x16.5,89,66,-,-,35,1600,Loadmaster,40x44,3000,National,1.75,60.5,Varco,AR-3200,Varco,TDS-4S,NOV-CMC,600,P,M-H,Column,Hitec,-,21160,-,6930,3,NOV,14-P-220,5100,4800,24324,20600,Y,5,1,2,1932,12,NOV,Hydralift,60.5,H,21,75,Both,Cameron,6000,15,4,1x4.00/2x2.04,3,4,Cameron,2,Hydril,,,Vetco,HDH4,MUX,Cameron,-,2000,,,,,,,,,,,,,,,,,,,,,,,,
14,NOBLE,AMOS,RUNNER,SS,EVA-4000™,1982,1999,ABS,8000,8000,32500,4Q/15,GoM,12500,3.5,122,348.6,328.25,15.75,79,4000,25x45,-,-,2.75,ORQ3,4250,3.25,10500,13.5,65,65,43,-,50,1500,Dreco,40x40,3000,Oilwell,1.75,60.5,Varco,AR3200C,Varco-TDS-4S,Shaffer,800,P,Varco-PRS-4i,Totco,-,20000,1000,-,3,2,CE-2200/NOA1700PT,1500,13000,2155,18250,Y,5,1,1,1920,12,Shaffer,60,E/F,19.75,75,T,Shaffer,8000,15,4.5,4.75,4,4,Shaffer,2,Shaffer,17x19,520,Vetco,HDH4,MUX,Shaffer,Y,2000,,,,,,,,,,,,,,,,,,,,,,,,,,,
15,NOBLE,CLYDE,BOUDREAUX,SS,Modified,Enhanced,Pacesetter,1987,2007,ABS,7500,10000,35000,3Q/15,Australia,12900,4,200,318,248,29,66,5555,90x20,-,-,3.25,RQ5,3200,3.75,12000,20,125,125,-,5.5,40,2MM/1MM,Dreco,40x69,"4,000/2,000",National,2/1.375,60.5/49.5,-2,AR5000,MW,Oilwell,PS2/SW,Oilwell,PS50A,Shaffer,"1,000/650",P/P,Varco-PRS-4i(2),Cyberbase,10000,-,5000,-,4,N-O,FC,2200,3000,7085,-,25800,Y,4,1,1,1920,12,Shaffer,60,S-FTH,21,75,T,Shaffer,7500,15,4.5,4,5,6,Shaffer,2,Shaffer,15x19,748,Vetco,HDH4,MUX,Shaffer,Y,2000,,,,,,,,,,,,,,,,,,,,
16,NOBLE,DRILLER,SS,Aker,H-3,Semi,(Enhanced),1976,2009,DNV,5000,5000,30000,3Q/14,GoM,13500,4,112,355,241,22,70,3719,63x18x31,,,Knk,"Boom""",40,2MM/1MM,Dreco,40x69,"4,000/2,000",80,52.5,,,120,1300,Woolslayer,40x40,3300,National,1625E,1.5,49.5,MH1898-BC251,DDM,650,HYC-350-H,Hydralift,C.M.C,600,P,MH,MDTotco,25000,25000,,,4,National,12-P-160,1700,4266,,18008,Y,5,1,,1600,8,Control,Flow,49.5,F,21,75,B,Vetco,H.M.F.,5000,10,3,3.75,3,6,Cameron,2,NOV,15x21,625,Vetco,H4,E,HYD,Oceaneering,Y,1000,,,,,,,,,,,,,,,,,,
17,NOBLE,HOMER,FERRINGTON,SS,Enhanced,Pacesetter,1984,1999,ABS,7200,7200,25000,3Q/14,Med,10000,3.5,150,338.9,225.6,19,55,4000,79x20,-,-,2.75,K4,3750,3.25,9000,13.5,65,65,43,-,40,1500,Dreco,40x40,3000,Oilwell,1.75,60.5,Varco,AR3200,Varco-TDS-4S,Shaffer,600,P,Varco-PRS-4i,Totco,4000,20000,-,5250,4,N-O,12P-160,2500,4000,2324,14550,Y,5,1,1,1920,12,Shaffer,60,E/F,19.75,75,T,Shaffer,7200,15,4.5,4,4,4,Shaffer,2,Shaffer,15x19,560,Vetco,HDH4,MUX,Shaffer,Y,2000,,,,,,,,,,,,,,,,,,,,,,,,,,
18,NOBLE,JIM,THOMPSON,SS,EVA-4000™,1982,1999,ABS,6000,6000,30000,4Q/14,GoM,10000,3.5,136,348.6,328.25,15.9,75-79,4000,25x45,-,-,2.75,R5,4250,3.25,10500,13.5,65,65,40,-,40,1500,Dreco,40x40,3000,Oilwell,1.75,60.5,Varco,AR3200,Varco-TDS-4S,Shaffer,600,P,Varco-PRS-4i,Totco,-,20000,-,-,4,A1700PT/,1,NOV,D750L,Riser,Boost,2000,13000,2155,18250,Y,5,1,1,1600,10,Shaffer,60,E/F,21,75,T,Shaffer,7200,15,4.5,4,4,4,Shaffer,1,Shaffer,19x17,520,Vetco,H4EXF,MUX,Shaffer,Y,2000,,,,,,,,,,,,,,,,,,,,,,,
-,NOBLE,MAX,SMITH,SS,EVA-4000™,1980,1999,ABS,7000,7000,25000,3Q/14,Brazil,10000,3.5,130,348.6,328.25,17,79,4000,25x45,-,-,2.75,ORQ3,4250,3.25,10500,13.5,65,65,43,-,50,1500,Dreco,40x40,3000,C-E,1.75,60.5,Varco,AR3200,Varco-TDS-4S,Shaffer,800,P,Var,,,,,,,,,,,,,,,,,,,,,,,,,,,,,,,,,,,,,,,,,,,,,,,,,,,,,,,,,,,,,,,,,,,,,
-,NOBLE,PAUL,ROMANO,SS,EVA-4000™,1981,1998,ABS,6000,6000,28000,4Q/14,Malta,10000,3.5,122,348.6,328.25,34,79,4000,25x45,-,-,2.75,Grade,5,4250,3.25,10500,13.5,65,65,43,-,40,1500,Dreco,40x40,3000,Oilwell,1.75,60.5,Varco,AR3200C,Varco-TDS-4S,Shaffer,,,,,,,,,,,,,,,,,,,,,,,,,,,,,,,,,,,,,,,,,,,,,,,,,,,,,,,,,,,,,,,,,,,,,,,
-,MSS2,(prev.,NOBLE,THERALD,MARTIN),SS,Pentagon,1975,2003,ABS,2350,4000,25000,4Q/15,Brazil,8400,3,120,324,338,24.6,71.5,2315,52.3x19.5,-,-,3,ORQ,1250,2.75,5600,9.3,57,57,16,16,-,1100,C.,E.,36x36,3000,Emsco,C-3,1.5,49.5,Varco,AR3200C,National,PS2-,,,,,,,,,,,,,,,,,,,,,,,,,,,,,,,,,,,,,,,,,,,,,,,,,,,,,,,,,,,,,,,,,,,,
-,MSS3,(prev.,NOBLE,LORRIS,BOUZIGARD),SS,Pentagon-85,1975,2003,ABS,4000,4000,25000,-,GoM,8400,3,120,324,338,24.6,71.5,2400,52.3x19.5,-,-,3,ORQ,1250,2.75,5600,9.3,57,57,16,16,-,1150,C.E.,36x36,3000,National,1.5,49.5,Varco,AR3200C,National,Shaffer,,,,,,,,,,,,,,,,,,,,,,,,,,,,,,,,,,,,,,,,,,,,,,,,,,,,,,,,,,,,,,,,,,,,,,
19,DEEPWATER,NAUTILUS,SS,RBS-8M,1999,-,ABS,8000,8000,30000,3Q/17,GoM,25200,4.5,150,392,308,28.9,75.5,9701,21x93,-,-,3.56,K4,3000,3.75,15000,19.8,101.4,101.4,-,-,39,2500,Dreco,48x48,8400,Hitec,2,60.5,Varco,AR3200,Varco,TDS-8SA,Hitec,AHD,-,A,Varco-PRS-4i,-2,Hitec,-,Y,-,-,4,NOV,14-P-220,4000,5712,3019,26364,-,7,-,-,4800,6,Hydralift,60.5,G,21.25,90,T/B,Vetco,-,15,4.5,3.826,4,5,Cameron,2,Cameron,13.8x17.5,614,Vetco,SHDH4,MUX,Cameron,Y,2000,,,,,,,,,,,,,,,,,,,,,,,,,
20,GSF,CELTIC,SEA,SS,F&G,L907,Enhanced,Pacesetter,1982,1998,ABS,5750,5750,28000,3Q/14,Angola,19000,5,140,320,285,25,68.6,5600,76.5x22,-,"4x2,400,","2x2,150",3,ORQ-K4,4500,3.5,10000,16.5,85,85,-,-,30,1600,Dreco,40x40,3000,National,1.75,49.5,Varco,AR3200,Varco,TDS-4S,Shaffer,600,P,-,Hitec,Y,-,-,-,3,National,Oilwell,12P-160,2470,5802,1418,22925,Y,4,2,1,1920,12,Shaffer,20,F,21,75,T/B,S&S,5600,15,3,4,4,4,Cameron,2,Shaffer,12x16,520,HDH4,MUX,Cameron,N,1300,,,,,,,,,,,,,,,,,,,,,,
21,HENRY,GOODRICH,SS,Sonat/Mitsui,SES-5000,1985,2007,DNV,5000,5000,30000,3Q/14,Canada,22528,-,145,320,251,43,93,5512,23x26,-,"2x6,904",3,K4,"12x5,500",-,-,16.5,83,83,-,-,2x20,1500,M-H,40x40,3000,C-E,1.75,49.5,M-H,Varco,TDS-4S,M-H,600,P,-,M-D,-,Y,Y,-,3,Continental,Emsco,FB1600,1700,1800,4060,30000,-,5,1,-,1600,16,Hydril,49,E,21,75,T,S&S,1500,15,3,2.5,1,5,Shaffer,2,Shaffer,-,-,Vetco,EXF,HYD,Shaffer,N,-,,,,,,,,,,,,,,,,,,,,,,,,,,
22,JACK,BATES,SS,F&G,L1020,Trendsetter,1986,1997,ABS,5400,5400,30000,2Q/14,Australia,20000,7,118,370,255,29,80,6736,28x38,-,"2x7,000",3.56,ORQ,3000,3.75,10000,16.5,83,83,-,-,33,2000,Dreco,40x40,3000,C-E,1.75,49.5,Varco,AR3000,Varco,TDS-4S,Western,Gear,600,P,M-H,Y,Y,-,-,-,3,National,Oilwell,A1700,4000,1650,6050,29760,N,4,1,1,1500,16,W.G.,21,E,21,60,T/B,Shaffer,5400,15,3,3.38,1,4,Cameron,2,Cameron,15.6x12.5,485,Vetco,HDH4,MUX,Shaffer,Y,2000,,,,,,,,,,,,,,,,,,,,,,,
23,M.G.,"HULME,",JR,SS,F&G,9500,Enhanced,Pacesetter,1983,1996,ABS,5000,5000,25000,2Q/14,India,7800,7,140,296,228,30,60,4480,82.5x21.3,-,-,3.56,ORQ,"8x2,000",3.5,-,"6x15,",2x18,55,55,70,-,-,1393,Branham,40x40,3000,National,1.5,49.5,Varco,AR3200,Varco,TDS-4S,Vetco,400,P,-,M-D,Y,-,-,-,3,National,Oilwell,12P-160,751,2259,3588,20106,-,4,-,-,1440,6,Shaffer,21,E,21,60,T/B,Vetco,5000,15,3,3.375/2.25,2,4,Cameron,2,Cameron,12.8x12.2,465,Vetco,EXF,HYD,Shaffer,Y,1500,,,,,,,,,,,,,,,,,,,,,
-,TRANSOCEAN,LEADER,SS,Aker,H-4.2,1987,1997,DNV,4500,4500,25000,1Q/15,Norway,17760,5,110,360,240,25,77,5071,23x33,-,"4x3,500",3.3,K4,6562,3.63,11110,16.5,44,44,-,-,-,1500,Dreco,40x40,3000,C-E,1.625,49.5,M-H,Varco,TDS-4,M-H,600,A,M-H,Totco,Y,-,-,-,3,,,,,,,,,,,,,,,,,,,,,,,,,,,,,,,,,,,,,,,,,,,,,,,,,,,,,,,,,,,,,,,
24,TRANSOCEAN,MARIANAS,SS,Sedco,700,Series,1979,1998,ABS,7000,7000,25000,1Q/15,South,Africa,23550,3,146,315,249,30,81,3967,23x70,-,-,3.3,K4,2450,3.75,-,20,75,75,-,20,20,1500,Pyramid,40x40,3000,National,1.75,49.5,Varco,AR3200,Varco,TDS-4S,M-H,600,P,M-H,Hitec,-,Y,-,-,4,CE,FB2200(3)/CE,FB1600(1),2935,1800,3296,15600,Y,6,-,1,1600,8,Westech,21,E,21,75,T/B,Vetco,7125,15,4.5,3.826,2,4,Hydril,2,Shaffer,17.5x14,628,Vetco,EXF,MUX,Hydril,Y,1400,,,,,,,,,,,,,,,,,,,,,,,
-,ABAN,ABRAHAM,DS,Gusto,Pelican,Class,1976,2008,DNV,6600,7000,25000,-,,24000,11,136,456,97.6,-,24.6,8950,26.9x23.6,DP-2,"5x1,750",2,-,-,-,-,2x4.64,40,40,-,-,-,1350,Pyramid,44x36,3000,National,1.875,49.5,Rogers,ROT,8.5,Can,Rig,750,T,A/C,Drive,Shaffe,,,,,,,,,,,,,,,,,,,,,,,,,,,,,,,,,,,,,,,,,,,,,,,,,,,,,,,,,,,,,,,,,
25,ATWOOD,ADVANTAGE,DS,DSME,12000,Ultradeepwater,DS,2013,-,-,12000,12000,40000,2Q/17,GoM,-,-,200,780,137,-,39,23000,-,DP-3,6,-,-,-,-,-,-,100,100,100,-,-,2500,NOV,59x80,1500,NOV,-,75.5,NOV,ST-160,NOV,HTB-1250,NOV,364,A,NOV,HydraRacker,NOV,Cyberbase,-,-,-,-,4,NOV,14P-220,-,-,-,-,-,8,-,2,4000,16,NOV,75.5,Clip,21,75,-,Aker,10000,15,-,-,-,7,Hydril,2,Hydril,-,-,HDH4,MUX,Hydril,-,2500,,,,,,,,,,,,,,,,,,,,,,,
26,ATWOOD,CONDOR,SS,F&G,ExD,Millennium,2012,-,ABS,10000,10000,40000,4Q/16,GoM,-,-,200,387,299,-,65.6,8000,-,DPS-2,8,-,-,-,-,-,-,108,108,-,-,-,2000,NOV,49x52,1000,NOV,-,60.5,NOV,ST-120,NOV,TDX-1250,NOV,2000,A,NOV,Dual,HydraRacker,NOV,-,-,-,-,4,NOV,14P-220,-,-,-,-,-,6,-,2,3600,6,NOV,60.5,Clip,21,75,-,Aker,10000,15,-,-,-,6,Hydril,2,Hydril,-,-,HDH4,HYD,Hydril,-,-,,,,,,,,,,,,,,,,,,,,,,,,
-,HYSY,981,SS,-,2012,-,ABS,9840,9840,32800,3Q/14,South,China,Sea,-,-,-,374,292,-,-,9000,-,DP-3,-,-,-,-,-,-,-,-,-,-,-,-,-,-,-,-,-,-,-,-,-,-,-,-,-,-,-,-,-,-,-,-,-,-,-,-,-,-,-,-,-,-,-,-,-,-,-,-,-,-,-,-,-,-,-,-,-,-,-,-,-,-,-,-,-,,,,,,,,,,,,,,,,,,,,,,,,,,,,,
27,OCEAN,ALLIANCE,SS,4th,Gen.,Odeco,1988,-,ABS,5250,5250,25000,2Q/16,Brazil,37600,6,120,402,259,29,76,4300,23x25,DP-2,"8x4,000",3.25,ORQ+20,5500,-,-,22.5,65,65,65,-,30,1800,Branham,40x40,3000,National,1.625,49.5,Varco,AR3000,Varco-TDS-4S,Shaffer,600,P,M-H,Various,17500,-,-,-,3,National,Oilwell,12P-160,2980,900,incl.,26000,Y,4,1,1,1280,8,Shaffer,49.5,E,21,50,T/B,Vetco,5000,15,3.5,3.5,4,4,Shaffer,2,Shaffer,16.67x16.67,500,HDH4,MUX,Shaffer,N,2500,,,,,,,,,,,,,,,,,,,,,,,,,,
28,OCEAN,BLACKHAWK,DS,Gusto,"P10,000",2013,-,ABS,10000,12000,40000,2Q/19,GoM,27000,12.5,210,754,118,29,36,22045,73x41,DPS-3,6,-,-,-,-,-,-,110,180,-,-,-,4000,NOV,80x60,9000,NOV,-,-,NOV,MPT,NOV,TDX-1250,-,400,A,-,-,-,-,-,-,5,NOV,14-P-220,-,23500,-,30000,-,-,-,-,3600,8,NOV,21,H,21,75,-,Vetco,-,15,3,-,-,7,Hydril,2,Hydril,-,-,-,MUX,-,-,-,,,,,,,,,,,,,,,,,,,,,,,,,,,
29,OCEAN,BLACKHORNET,DS,Gusto,"P10,000",2013,-,ABS,10000,12000,40000,3Q/19,GoM,27000,12.5,210,754,118,29,36,22045,73x41,DPS-3,6,-,-,-,-,-,-,110,180,-,-,-,4000,NOV,80x60,9000,NOV,-,-,NOV,MPT,NOV,TDX-1250,-,400,A,-,-,-,-,-,-,5,NOV,14-P-220,-,23500,-,30000,-,-,-,-,3600,8,NOV,21,H,21,75,-,Vetco,-,15,3,-,-,7,Hydril,2,Hydril,-,-,-,MUX,-,-,-,,,,,,,,,,,,,,,,,,,,,,,,,,,
30,OCEAN,CLIPPER,DS,Converted,Tanker,1977,1999,ABS,7875,7875,25000,4Q/15,Brazil,25200,9,140,528,109,24,24,11384,20x18,DP-2,"5x1,840,","1x2,375,","2x6,750",-,-,-,-,-,-,56,56,35,-,50,1400,Pyramid,40x40,3000,National,1.625,60.5,Varco,AR3200,Varco-TDS-4S,Shaffer,600,P,Patriot,MDT,24000,10000,-,-,3,National,Oilwell,12P-160,1189,3652,incl.,15400,Y,4,1,1,1920,12,Shaffer,60.5,FT,21,75,Both,Shaffer,7500,15,3,4,4,5,Shaffer,2,Shaffer,19.67x16.25,542,HDH4,MUX,Shaffer,Y,2000,,,,,,,,,,,,,,,,,,,,,,,,,
31,OCEAN,CONFIDENCE,SS,Aker,H-3.2,Mod,1988,2000,ABS,10000,10000,35000,4Q/15,W.,Africa/GoM,53083,3.5,146,320,238,39,75,6600,26x74,DP-3,"8x4,000",3,K4,3500,-,-,11,50,50,100,-,38,2000,Pyramid,50x50,5000,C-E,1.75,60.5,Varco,AR3200,Varco-TDS-6S,Shaffer,1000,P,Varco-PRS-4i,VICIS,7000,10000,18500,-,4,Continental,Emsco,FC-2200,4889,4800,incl.,25000,Y,6,1,1,2500,12,Shaffer,60.5,G,21,75,T/B,Shaffer,7500,15,4.5,4.5,4,6,Shaffer,2,Shaffer,19.67x16.25,661,DWHC,MUX,Shaffer,Y,2500,,,,,,,,,,,,,,,,,,,,,,,,,
32,OCEAN,COURAGE,SS,6th,Gen.,F&G,ExD,Millennium,2009,-,ABS,10000,10000,40000,1Q/15,Brazil,40480,8.5,164,398,298,27.6,55.8,8000,135.6x29.52,DP-2,"8x4,425",3.3,ORQ4,1443,-,-,13.22,100,100,15,-,44,2000,AKMH,46x52,4500,Wirth,2,60.5,BC26-MH-1899,AKMH-DDM-AC-2M,AKMH,1500,A,Bridge,Crane,AKMH,Drillview,12000,17000,-,15000,4,Wirth,TPK,2002-07-01 00:00:00,x,14,/,2200,7246,12178,incl.,23307,Y,5,1,1,3600,6,AKMH,60.5,LK,21,75,T/B,Cameron,10000,15,4.5,4,/,3.5,5,6,Cameron,2,Cameron,15.75x18.04,860,EVO,CON,MUX,Cameron,Y,3500,,,,,,,,,,,,,,,,
33,OCEAN,VALOR,SS,6th,Gen.,F&G,ExD,Millennium,2009,-,ABS,7500,10000,40000,4Q/15,Brazil,40480,8.5,164,398,298,27.6,55.8,8000,135.6x29.52,DP-2,"8x4,425",3.3,ORQ4,1443,-,-,13.22,100,100,15,-,44,2000,AKMH,46x52,4500,Wirth,2,60.5,BC26-MH-1899,AKMH-DDM-AC-2M,AKMH,1500,A,Bridge,Crane,AKMH,Drillview,12000,17000,-,15000,4,Wirth,TPK,2002-07-01 00:00:00,x,14,/,2200,7246,12178,incl.,23307,Y,5,1,1,3600,6,AKMH,60.5,LK,21,75,T/B,Cameron,10000,15,4.5,4,/,3.5,5,6,Cameron,2,Cameron,15.75x18.04,860,EVO,CON,MUX,Cameron,Y,3500,,,,,,,,,,,,,,,,
34,BELFORD,DOLPHIN,DS,Navis,2000,-,DNV,10000,10000,39370,4Q/15,East,Africa,58800,10,130,672,131,26,40,12515,3,ea,33x80,DP-3,"5x5,360",-,-,-,-,-,-,88,88,11,4,45,2000,Dreco,46x50,6900,N-O,Hitec,2,60.5,M-H,M-H,DDM,750,N-O,Hitec,2000,AD,"Hitec,Dreco","Hitec,",ASA,16500,17000,10400,-,4,National,Oilwell,14P-220,5000,17000,3150,46000,N,6,-,-,3200,8,Hydralift,60.5,F/H,21.5,80,B,Vetco,10000,15,4.5,4,1,5,Hydril,2,Hydril,,,Super,HDH4,MUX,ABB,Y,2000,,,,,,,,,,,,,,,,,,,,
35,BOLETTE,DOLPHIN,DS,-,2013,-,-,12000,12000,40000,2017,-,-,-,-,-,-,-,-,-,-,-,-,-,-,-,-,-,-,-,-,-,-,-,-,-,-,-,-,-,-,-,-,-,-,-,-,-,-,-,-,-,-,-,-,-,-,-,-,-,-,-,-,-,-,-,-,-,-,-,-,-,-,-,-,-,-,-,-,-,-,-,-,-,-,-,-,,,,,,,,,,,,,,,,,,,,,,,,,,,,,,,
36,ENSCO,6001,SS,Megathyst,2000,2010,LR,5600,5600,25000,2Q/18,Brazil,26670,6,130,262,203,28,62,3500,39x19,AAA,"8x2,145",,,,,-,,39,44,-,-,88,1300,Pyramid,40x40,3000,C-E,1.625,49.5,M-H,1899,M-H,DDM-650,MH-CMC,650,P,M-H,Hitec,16900,-,-,18450,3,C-E,FC-1600,4003,1723,,10028,Y,4,-,-,1000,8,M-H,48.25,E,18.625,65,Both,Vetco,5980,10,3,1x3.25/2x2.00,3,4,Cameron,2,Shaffer,16.3,x,15.2,392,Vetco,H4-DxE,MUX,Cameron,N,1500,,,,,,,,,,,,,,,,,,,,,,,,,
37,ENSCO,6002,SS,Megathyst,2001,2009,LR,5600,5600,25000,2Q/18,Brazil,26670,6,130,262,203,28,62,3500,39x19,AAA,"8x2,145",,,,,-,,44,44,-,-,88,1300,Pyramid,40x40,3000,C-E,1.625,49.5,M-H,1899,M-H,DDM-650,MH-CMC,650,P,M-H,Hitec,16900,-,-,18450,3,C-E,FC-1600,4003,1723,,100328,Y,4,-,-,1000,8,M-H,48.25,E,18.625,65,Both,Vetco,6305,10,3,1x3.25/2x2.00,3,4,Cameron,2,Shaffer,16.3,x,15.2,392,Vetco,H4-DxE,MUX,Cameron,N,1500,,,,,,,,,,,,,,,,,,,,,,,,,
38,ENSCO,6004,SS,Megathyst,2004,-,LR,5600,5600,25000,4Q/16,Brazil,26670,6,130,262,203,28,62,3500,39x19,AAA,"8x2,145",,,,,-,,44,44,-,-,88,1300,Pyramid,40x40,3000,C-E,1.625,49.5,M-H,1899,M-H,DDM-650,MH-CMC,650,P,M-H,Hitec,16900,-,-,-,3,C-E,FC-1600,4003,1723,,10028,Y,4,-,-,1000,8,M-H,48.25,E,18.625,65,Both,Vetco,6305,10,3,1x3.25/2x2.00,3,4,Cameron,2,Shaffer,16.3,x,15.2,392,Vetco,H4-DxE,MUX,Cameron,N,1500,,,,,,,,,,,,,,,,,,,,,,,,,
-,ENSCO,6003,SS,Megathyst,2004,-,LR,5600,5600,25000,1Q/17,Brazil,26670,6,130,262,203,28,62,3500,39x19,AAA,"8x2,145",,,,,-,,44,44,-,-,88,1300,Pyramid,40x40,3000,C-E,1.625,49.5,M-H,M-H,DDM-650,MH-CMC,650,P,M-H,Hitec,20881,11480,-,18110,3,C,,,,,,,,,,,,,,,,,,,,,,,,,,,,,,,,,,,,,,,,,,,,,,,,,,,,,,,,,,,,,,,
39,ENSCO,7500,SS,Ensco,7500,1999,-,ABS,7500,8000,30000,3Q/14,Brazil,30000,7.8,140,290,220,-,40,8000,20x100,DP-2,"8x3,000",3.25,ABS-K4,"8x1,000",-,-,10,61,61,-,-,48,1928,Dreco,40x46,3390,National,1.75,60.5,Varco,AR4000,Varco-TDS-8,M-H,"1,000/1,500",P,Varco-PRS-3i,MDT,20000,,,,4,3xNational,14P-220/1xLewcoW446RB,3624,8550,incl.,20118,Y,5,1,1,2500,8,Retsco,60,F,21,75,T/B,Dril-Quip,6975,15,3,1x4.00/2x2.44,3,6,Hydril,2,Hydril,16.6x19,645,Vetco,HDH4,MUX,Hydril,N,1000,,,,,,,,,,,,,,,,,,,,,,,,,,,
40,ENSCO,8500,SS,Ensco,8500,Series,2008,-,ABS,8500,10000,35000,3Q/15,GoM,33600,8,150,336,285,25,60,8000,30x120,DP-2,8,x,3500,,,,3.5,2500,9.9,106.9,106.9,-,-,52.9,2000,NOV,40x46,6000,NOV,2,60.5,AR4500,&,ST-120,NOV-TDS-1000,NOV,"1,000/2,000",P,NOV-BR-15,MDT,10000,,28500,,4,Lewco,W2215,4500,11700,incl.,26000,Y,6,1,1,2500,10,NOV,60,F,21,75,T/B,Dril-Quip,8475,15,3,1x3.826/2x2.44,3,6,Hydril,2,Hydril,16.6x19,652,Vetco,SHD-H4,MUX,Hydril,Y,1500,,,,,,,,,,,,,,,,,,,,,,,
40,ENSCO,8501,SS,Ensco,8500,Series,2009,-,ABS,8500,10000,35000,3Q/14,GoM,33600,6,150,336,285,25,60,8000,30x120,DP-2,8,x,3500,,,,3.5,2500,11,106.9,106.9,-,-,52.9,2000,NOV,40x46,6000,NOV,2,60.5,AR4500,&,ST-120,NOV-TDS-1000,NOV,"1,000/2,000",P,NOV-BR-15,MDT,15239,,29064,,4,Lewco,W2215,4500,11700,incl.,26000,Y,6,1,1,2500,10,NOV,60,F,21,75,T/B,Dril-Quip,8475,15,3,1x3.826/2x2.44,3,6,Hydril,2,Hydril,16.6x19,652,Dril,Quip,MUX,Hydril,Y,1500,,,,,,,,,,,,,,,,,,,,,,,
40,ENSCO,8502,SS,Ensco,8500,Series,2009,-,ABS,8500,10000,35000,4Q/14,GoM,33600,8,150,336,285,25,60,8000,30x120,DP-2,8,x,3500,,,,3.5,2500,9.9,106.9,106.9,-,-,52.9,2000,NOV,40x46,6000,NOV,2,60.5,AR4500,&,ST-120,NOV-TDS-1000,NOV,"1,000/2,000",P,NOV-BR-15,MDT,10000,,28500,,4,Lewco,W2215,4500,11700,incl.,26000,Y,6,1,1,2500,10,NOV,60,F,21,75,T/B,Dril-Quip,8475,15,3,1,x3.826/2x2.44,3,6,Hydril,2,Hydril,16.6x19,652,Dril,Quip,MUX,Hydril,Y,1500,,,,,,,,,,,,,,,,,,,,,,
40,ENSCO,8503,SS,Ensco,8500,Series,2010,-,ABS,8500,10000,37500,3Q/14,GoM,33600,8,150,336,263,25,60,8000,30x120,DP-2,8,x,3500,,,,3.5,2500,9.9,106.9,106.9,-,-,52.9,2000,NOV,40x46,6000,NOV,2,60.5,AR4500,&,ST-120,NOV-TDS-1000,NOV,"1,000/2,000",P,NOV-BR-15,MDT,5250,,28500,,4,Lewco,W2215,4200,11700,incl.,26000,Y,6,1,1,2500,10,NOV,60,F,21,75,T/B,Dril-Quip,8475,15,3,1x3.826/2x2.44,3,6,Hydril,2,Hydril,16.6x19,652,Dril,Quip,MUX,Hydril,Y,1500,,,,,,,,,,,,,,,,,,,,,,,
40,ENSCO,8504,SS,Ensco,8500,Series,2011,-,ABS,8500,10000,35000,3Q/14,Malaysia,33600,8,150,336,285,25,60,8000,30x120,DP-2,8,x,3500,,,,3.5,2500,9.9,106.9,106.9,-,-,59,2000,NOV,40x46,6000,NOV,2,60.5,AR4500,&,ST-120,NOV-TDS-1000,NOV,"1,000/2,000",P,NOV-BR-15,MDT,8500,13250,27000,3750,4,Lewco,W2215,4200,11700,incl.,26000,Y,6,1,1,3000,12,NOV,60,F,21,75,T/B,Dril-Quip,8475,15,3,1x3.826/2x2.44,3,6,Hydril,2,Hydril,16.6x19,652,Dril,Quip,MUX,Hydril,Y,1500,,,,,,,,,,,,,,,,,,,,,,,
40,ENSCO,8505,SS,Ensco,8500,Series,2011,-,ABS,8500,10000,35000,2Q/15,GoM,33600,8,150,338,285,25,60,8000,30x120,DP-2,8,x,3500,,,,3.5,2500,11,106.9,106.9,-,-,59,2000,NOV,40x46,6000,NOV,2,60.5,AR4500,&,ST-120,NOV-TDS-1000,NOV,"1,000/2,000",P,NOV-BR-15,MDT,2238,,27447,,4,Lewco,W2215,4500,11700,incl.,26000,Y,6,1,1,3000,12,NOV,60,F,21,75,T/B,Dril-Quip,8475,15,3,1x3.826/2x2.44,3,6,Hydril,2,Hydril,16.6x19,652,Dril,Quip,MUX,Hydril,Y,1500,,,,,,,,,,,,,,,,,,,,,,,
41,ENSCO,DS-1,DS,Gusto,10000,1999,2004/2009,DNV,6000,10000,31500,1Q/16,Angola,39660,11,162,680,98.5,-,31.5,19510,39.4x31.0,DP-2,7,,,,,-,,55,55,55,-,35,1600,Joseph,Paris,48x48,4600,N-O,Dreco,1.75,60.5,M-H,Canrig,AC-1275-E,AKM,1000,A/P,M-H,Hitec,26350,15420,-,5085,4,National,Oilwell,12P-160,3615,-,10094,19918,N,5,-,-,2560,16,M-H,60.5,F,21,70,Both,Kværner,7350,10,3,1x3.343/2x1.875,3,4,Cameron,2,Shaffer,,,Vetco,SHD-H4,MUX,Cameron,N,1000,,,,,,,,,,,,,,,,,,,,,,,,
42,ENSCO,DS-2,DS,Gusto,10000,1999,2005,DNV,6000,10000,31500,2Q/15,Angola,39660,11,162,680,98.5,-,31.5,19510,39.4x31.0,DP-2,7,,,,,-,,55,55,55,-,35,1600,Joseph,Paris,48x48,4600,N-O,Dreco,1.75,60.5,M-H,Canrig,AC-1265-E,AKM,1000,A/P,M-H,Hitec,6600,34450,-,6600,3,National,Oilwell,14P-220,3685,-,8522,21190,N,5,-,-,2560,16,M-H,58.5,F,21,70,Both,Kværner,7070,10,3,1x3.343/2x1.875,3,4,Cameron,2,Shaffer,,,Vetco,SHD-H4,MUX,Cameron,N,1000,,,,,,,,,,,,,,,,,,,,,,,,
43,ENSCO,DS-3,DS,Samsung,2010,-,ABS,10000,10000,40000,2Q/16,USGoM,54000,12,200,751,138,28,39,22046,41x84,DPS-3,"6x7,375",,,,,-,,181,93,93,93,,2000,NOV,80x60,5750,NOV,2,60.5,NOV,HydraTong,NOV-HPS-1000,NOV-CMC-active,1000,A/P,NOV,Dual,HydraRacker,NOV,Cyberbase,5000,,35000,,4,NOV,14-P-2200,6000,6000,3000,34800,Y,6,-,-,3600,16,NOV,60.5,16Q,21,75,Both,Vetco,9900,15,4.5,1x4.0/2x2.62,3,6,NOV,2,NOV,20.8x17.8,926,Vetco,SHD-H4,MUX,NOV,Y,2000,,,,,,,,,,,,,,,,,,,,,,,,,
-,ENSCO,DS-4,DS,Samsung,2010,-,ABS,10000,12000,40000,2Q/16,USGoM,64365,12,200,751,138,28,39,22046,41x84,DPS-3,"6x7,375",,,,,-,,181,93,93,93,44,2000,NOV,80x60,5750,NOV,2,75.5,NOV,HydraTong,NOV-HPS-1000,NOV-CMC-active,1000,A/P,NOV,Dual,Hydra,,,,,,,,,,,,,,,,,,,,,,,,,,,,,,,,,,,,,,,,,,,,,,,,,,,,,,,,,,,,,,,,,,,,
-,ENSCO,DS-5,DS,Samsung,2011,-,ABS,10000,12000,40000,2Q/16,USGoM,64365,12,200,751,138,28,36,30864,41x84,DPS-3,"6x7,375",,,,,-,,93,93,93,93,44,2000,NOV,80x60,5750,NOV,2,60.5,NOV,HydraTong,NOV-HPS-1000,NOV-CMC-active,1000,A/P,NOV,Dual,HydraR,,,,,,,,,,,,,,,,,,,,,,,,,,,,,,,,,,,,,,,,,,,,,,,,,,,,,,,,,,,,,,,,,,,,
-,ENSCO,DS-6,DS,Samsung,2011,-,ABS,10000,12000,40000,1Q/18,Angola,64365,12,200,751,138,28,39,22046,41x84,DPS-3,"6x7,375",,,,,-,,93,93,93,93,44,2000,NOV,80x60,5750,NOV,2,60.5,NOV,HydraTong,NOV,HPS-1000,NOV-CMC-active,1000,A/P,NOV,Dual,Hydra,,,,,,,,,,,,,,,,,,,,,,,,,,,,,,,,,,,,,,,,,,,,,,,,,,,,,,,,,,,,,,,,,,,
44,ENSCO,DS-7,DS,Samsung,2013,-,ABS,10000,12000,40000,4Q/16,Angola,64365,12,200,748,138,28,39,22046,41,x,84,DPS-3,"6x7,375",,,,,,,181,93,93,93,44,2500,NOV,80x60,6900,NOV,2,75.5,NOV,MTP-200,NOV,TDX,1250,NOV-CMC,1500,A/P,NOV,Dual,HydraRacker,NOV,Cyberbase,10000,,34000,,4,NOV,14-P-2200,6000,7400,3000,34000,Y,6,,,3600,16,NOV,75.5,16Q,21,75,Both,Vetco,9000,15,3,1x4.0/2x2.62,3,6,NOV,2,NOV,20.8,x,17.8,926,Vetco,SHD-H4,MUX,NOV,Y,2000,,,,,,,,,,,,,,,,,,,
-,BICENTENARIO,SS,GVA,7500,-,-,DNV,10000,10000,35000,-,Mexico,51500,-,-,391,317,32.6,75.5,-,-,DP-3,"8x4,700",-,-,-,-,-,-,80,80,-,-,-,-,-,-,4500,-,-,-,-,-,-,-,-,-,-,-,-,-,-,-,-,-,-,-,-,-,-,-,-,-,-,-,-,-,-,-,-,-,-,15,-,-,-,2,WP,2,WP,-,-,H-4,-,-,-,-,,,,,,,,,,,,,,,,,,,,,,,,,,,,,,,
-,CENTENARIO,SS,F&G,-,-,ABS,10000,10000,35000,-,Mexico,51500,-,-,387,299,27.4,55.8,-,-,DP-2,"8x5,100",-,-,-,-,-,-,80,80,-,-,-,2000,MH,-,4500,-,-,-,-,-,-,-,-,-,-,-,-,-,-,-,-,-,-,-,-,-,-,-,-,-,-,-,-,-,-,-,-,Cameron,8000,15,-,-,-,2,-,2,-,-,-,ISM,H-4,-,-,,,,,,,,,,,,,,,,,,,,,,,,,,,,,,,,,
-,LA,MURALLA,IV,SS,F&G,ExD,Millennium,2010,-,-,7500,10000,40000,-,Mexico,-,-,-,398,298,-,-,-,-,DP-2,"8x4,425",-,-,-,-,-,-,-,-,-,-,-,-,-,-,-,-,-,-,-,-,-,-,-,-,-,-,-,-,-,-,-,-,-,-,-,-,-,-,-,-,-,-,-,-,-,-,-,-,-,-,-,-,-,-,-,-,-,-,-,-,-,-,-,-,,,,,,,,,,,,,,,,,,,,,,,,,,,,
-,JASPER,EXPLORER,DS,Gusto,Pelican,Class,-,2009,DNV,5000,5000,25000,-,,-,8.5,139,541,98,-,-,7958,-,DP-2,7,(5,tunnel/2azimuth),-,-,-,-,-,-,110,40,25,-,-,1500,Pyramid,52x52,-,NOV,-,49.5,NOV/Aker,Kvaerner,NOV,TDS-4,Aker,Kvaerner,1300,-,Patriot,-,-,-,,,,,,,,,,,,,,,,,,,,,,,,,,,,,,,,,,,,,,,,,,,,,,,,,,,,,,,,,,,,,
45,MÆRSK,DELIVERER,SS,KFELS,MSC,GUSTO,DSS21,2010,-,ABS,10000,10000,"30,000+",3Q/15,West,Africa,51500,8,180,384,258,32,67,14900,100x30,DP-2,"8x5,365",3.5,K4,2000,,,,165,66,13,-,47,"2,500/1,500",NOV,40x72,"6,000/4,500",Wirth,1.85/1.75,60.5,NOV,NOV,HPS-03,NOV,HPS-04,"1,000/750",A,NOV,(DUAL),NOV,5000,15000,20000,-,4,Wirth,2200HP-7500psi,9755,10355,4860,48000,Y,8,0,n,4200,6,NOV,N-line,60.5,RP16Q,21,75,Both,Aker,9600,15,4,"4,5",5,6,Hydril,-,Hydril,16,6,x,19,8,732,Vetco,SHD,EXF,MUX,Hydril,Y,2250,,,,,,,,,,,,,,,,
45,MÆRSK,DEVELOPER,SS,KFELS,MSC,GUSTO,DSS21,2009,-,ABS,10000,10000,"30,000+",4Q/15,US,GoM,51500,8,180,384,258,32,67,14900,100x30,DP-2,"8x5,365",3.5,K4,2000,,,,165,66,13,-,47,"2,500/1,500",NOV,40x72,"6,000/4,500",Wirth,1.85/1.75,60.5,NOV,NOV,HPS-03,NOV,HPS-04,"1,000/750",A,NOV,(DUAL),NOV,5000,15000,20000,-,4,Wirth,2200HP-7500psi,9755,10355,4860,48000,Y,8,0,y,4200,6,NOV,N-line,60.5,RP16Q,21,75,Both,Aker,9600,15,4,"4,5",5,6,Hydril,2,Hydril,16,6,x,19,8,732,Vetco,SHD,EXF,MUX,Hydril,Y,2250,,,,,,,,,,,,,,,,
45,MAERSK,DISCOVERER,SS,KFELS,MSC,GUSTO,DSS21,2009,-,ABS,10000,10000,"30,000+",3Q/16,Egypt,51500,8,180,384,258,32,67,14900,100x30,DP-2,"8x5,365",3.5,K4,2000,,,,165,66,13,-,47,"2,500/1,500",NOV,40x72,"6,000/4,500",Wirth,1.85/1.75,60.5,NOV,NOV,HPS-03,NOV,HPS-04,"1,000/750",A,NOV,(DUAL),NOV,5000,15000,20000,-,4,Wirth,2200HP-7500psi,9755,10355,4860,48000,Y,8,0,n,4200,6,NOV,N-line,60.5,RP16Q,21,75,Both,Aker,9600,15,4,"4,5",5,6,Hydril,-,Hydril,16,6,x,19,8,732,Vetco,SHD,EXF,MUX,Hydril,Y,2250,,,,,,,,,,,,,,,,,
46,MÆRSK,VALIANT,DS,SAMSUNG,96K,2013,-,ABS,12000,12000,40000,3Q/17,US,GOM,56000,-,230,748,138,28,39,20000,84x41,DP-3,"6x9,380",-,-,-,-,-,-,85,85,85,85,-,2500,-,-,9000,-,-,-,-,-,-,2500,A,-,-,-,-,-,-,5,Wirth,2200HP-7500psi,6030,5980,-,32000,-,-,-,-,-,-,-,-,-,-,-,-,-,-,15,-,-,-,6,-,2,-,-,-,-,MUX,-,-,2500,,,,,,,,,,,,,,,,,,,,,,,,,,,,
47,MÆRSK,VENTURER,DS,SAMSUNG,96K,2014,-,ABS,12000,12000,40000,-,-,56000,-,230,748,138,28,39,20000,84x41,DP-3,-,-,-,-,-,-,-,85,85,85,85,-,2500,-,-,9000,-,-,-,-,-,-,2500,A,-,-,-,-,-,-,5,Wirth,2200HP-7500psi,6030,5980,-,32000,-,-,-,-,-,-,-,-,-,-,-,-,-,-,15,-,-,-,6,-,2,-,-,-,-,MUX,-,-,2500,,,,,,,,,,,,,,,,,,,,,,,,,,,,,
48,MÆRSK,VIKING,DS,SAMSUNG,96K,2013,-,ABS,12000,12000,40000,2Q/17,GoM,56000,-,230,748,138,28,39,20000,84x41,DP-3,"6x7,400",-,-,-,-,-,-,85,85,85,85,-,2500,-,-,9000,-,-,-,-,-,-,2500,A,-,-,-,-,-,-,5,Wirth,2200HP-7500psi,6030,5980,-,32000,-,-,-,-,-,-,-,-,-,-,-,-,-,-,15,-,-,-,6,-,2,-,-,-,-,MUX,-,-,2500,,,,,,,,,,,,,,,,,,,,,,,,,,,,,
49,NOBLE,BOB,DOUGLAS,DS,Gusto,P-10000,2013,-,DNV,10000,12000,40000,1Q/17,US,GOM,64368,11,210,759,118,36,36,22046,32.8,x,113.2,DP-3,6,x,6700,,,1080,3.75,,10,100,100,100,165,2x250+,2x35,"2,500/1,500",NOV,60x80,"9000/4,500",NOV,2-1/8/1-3/4,75.5/60.5,2,x,NOV,ST-160,NOV,TDX,1250,Shaffer,1000,A/P,Hydraracker,IV,ER,NOV,10000,0,38000,0,4,NOV,14-P-220,5670,8900,13600,28800,Y,6,1,1,3500,14,NOV,75.5,FT-H,21,75,T/B,Shaffer,12000,15,4.5,2.32/4,2019-02-01 00:00:00,6,Shaffer,2,Shaffer,18x20,886,Vetco,H4,&,Dril-Quip,MUX,Shaffer,Y,2000,,,,,,,,,,,,
50,NOBLE,BULLY,I,DS,"Gusto,",MSC,Bully,PRD,2008,2011,DNV,8250,8250,40000,1Q/17,US,GOM,43200,7.5,168,615,128,26.25,32.5,12300,64x41,DP-2,"6x5,600",,,,,,,110,110,,,44,2000,Huisman,18x26,6600,Huisman,2,60.5,2x,Aker,Torq,Master,Aker,DDM,1000AC,Huisman,2000,A/P,Huis-Drill,10000,Huisman,-,5310,20115,5310,4,Wirth,TPK,2002-07-01 00:00:00,x,14,/,2200,7420,9000,3300,22946,Y,6,1,1,3300,6,Huisman/Rexroth,60,Clip,21,90,B,Aker,9720,15,4,2,4,6,Cameron,2,Cameron,16x20,445,Cameron,EVO,MUX,Oceaneering,Y,2000,,,,,,,,,,,,,
51,NOBLE,BULLY,II,DS,"Gusto,",MSC,Bully,PRD,2011,-,DNV,8250,8250,40000,2Q/22,Brazil,43200,10,156,615,128,32.5,32.5,12300,64x41,DP-2,"6x5,600",-,-,-,-,-,-,110,110,-,-,44,"2,000/1,000",Huisman,18x26,"6,600/",3300,Huisman,2,60.5,2x,Aker,"DRN200,",1x,Aker,BC57,Aker,DDM,1000AC2,Huisman,2000,A/P,Huisman,Huisman,-,20000,10000,10000,4,Wirth,TPK,7500,6231,7491,6496,28088,Y,6,1,1,3300,6,Huisman/Rexroth,60.5,Clip,21,90,T,Aker,9720,15,3,2,4,6,Cameron,2,Cameron,16x20,445,Cameron,MUX,Oceaneering,Y,2000,,,,,,,,,,,,,,,,,
52,NOBLE,DANNY,ADKINS,SS,Bingo,9000,1999,2009,ABS,12000,12000,37000,3Q/14,US,GOM,51360,8,200,344,277,39.5,82,9000,103x23,DP-3,"8x5,000",-,-,-,-,-,-,120,120,-,-,40,2500,Dreco,50x50,6900,National,2,60.5,2x,Varco,AR5000,Varco,TDX-1250,Shaffer,"1,000/2,000",P,Varco-PRS-6i,Cyberbase,10000,10000,15000,-,4,National,240,Hex;,2400,hp,3700,9100,7100,30000,Y,6,1,1,2500,10,Shaffer,60.5,-,22,75,T/B,Noble,12000,15,4.5,4.5,5,6,Shaffer,2,Shaffer,15x20,700,DRIL-QUIP,MUX,Shaffer,Y,2000,,,,,,,,,,,,,,,,,,,,,
53,NOBLE,DAVE,BEARD,SS,Modified,Enhanced,Pacesetter,1986,2008,ABS,10000,10000,35000,1Q/16,Brazil,49400,8,200,366,217,19,55,6500,95x25,DP-2,"8x5,000",-,-,-,3.5,3500,13,100,100,-,-,45,2000,NOV,40x40,6900,NOV,2,60.5,Varco,AR5000,NOV,PS-2-1000,Shaffer,1000,P,Varco-PRS-4i,Cyberbase,6000,16K/5-7/8,13000,-,4,National,240,Hex;,2540,hp,2100,7900,1750,25200,Y,6,1,1,2500,10,Shaffer,60,Hybrid,22,75,T/B,Noble,10000,15,4.5,4.5,5,6,Shaffer,2,Shaffer,15x19,700,Vetco,H4,MUX,Shaffer,Y,2000,,,,,,,,,,,,,,,,,,,,,
54,NOBLE,DON,TAYLOR,DS,Gusto,P-10000,2013,-,DNV,10000,12000,40000,1Q/19,US,GOM,64368,11,210,752,118,36,36,22046,32.8,x,113.2,DP-3,6,x,6700,,,1080,3.75,,10,100,100,100,165,2x250+,2x35,"2,500/1,500",NOV,60x80,"9000/4,500",NOV,2-1/8/1-3/4,75.5/60.5,2,x,NOV,ST-160,NOV,TDX,1250,Shaffer,1000,A/P,Hydraracker,IV,ER,NOV,-,-,15000,-,4,NOV,14-P-220,5670,8900,13600,28800,Y,6,1,1,3500,14,NOV,75.5,FT-H,21,75,T/B,Shaffer,12000,15,4.5,2.32/4,2019-02-01 00:00:00,6,Shaffer,2,Shaffer,18x20,886,Vetco,H4,&,Dril-Quip,MUX,Shaffer,Y,2200,,,,,,,,,,,,
55,NOBLE,GLOBETROTTER,I,DS,Globetrotter,2010,-,ABS,10000,10000,40000,3Q/22,US,GOM,54284,12,180,620,105,39,39.4,20720,89.2,x,36.7,DP-3,"6x5,000",3.18,3,90.22,,,16,110,88,,,88,2000,Huisman,26x24,"6,170/3,080",Huisman,2,60.5/60.5,2x,NOV,AR5000,NOV-TDS-1000A,Huisman,2400,A/P,Huisman,PRS,Huisman,-,-,20925,-,4,NOV,14-P-220,6000,9000,10000,34604,Y,6,1,1,3600,8,Huisman,60.5/21.7,FT-H,21,75,T/B,Shaffer,10000,15,4.5,2.32/5,4,6,Shaffer,2,Shaffer,15x19,711,Vetco,HDH4,MUX,Shaffer,Y,2000,,,,,,,,,,,,,,,,,,,,,,
56,NOBLE,GLOBETROTTER,II,DS,Globetrotter,2011,-,ABS,10000,10000,40000,3Q/23,W,Africa,-,12,180,620,105,39,39.4,20720,89.2,x,36.7,DP-3,"6x5,000",3.18,3,90.22,,,16,110,88,,,88,2000,Huisman,26x24,"6,170/3,080",Huisman,2,60.5/60.5,2x,NOV,AR5000,NOV-TDS-1000A,Huisman,2400,A/P,Huisman,PRS,Huisman,-,-,20925,-,4,NOV,14-P-220,6000,9000,10000,34604,Y,6,1,1,3600,8,Huisman,60.5/21.7,FT-H,21,75,T/B,Shaffer,10000,15,4.5,2.32/5,4,6,Shaffer,2,Shaffer,15x19,711,Vetco,HDH4,MUX,Shaffer,Y,2000,,,,,,,,,,,,,,,,,,,,,,
57,NOBLE,JIM,DAY,SS,Bingo,9000,1999,2010,ABS,12000,12000,37000,1Q/16,US,GoM,51360,8,200,344,277,39.5,82,9000,103x23,DP-3,"8x5,000",-,-,-,-,-,-,120,120,-,-,40,2500,Dreco,50x50,6900,National,2,60.5,2x,Varco,AR5000,Varco,TDX-1250,Shaffer,"1,000/2,000",P,Varco-PRS-6i,Cyberbase,10000,10000,15000,-,4,National,240,Hex;,2400,hp,3700,9100,7100,30000,Y,6,1,1,2500,10,Shaffer,60.5,Hybrid,22,75,T/B,Noble,12000,15,4.5,4.5,5,6,Shaffer,2,Shaffer,15x20,700,DRIL-QUIP,MUX,Shaffer,Y,2000,,,,,,,,,,,,,,,,,,,,,
-,NOBLE,PAUL,WOLFF,-,EVA-4000,1982,2006,ABS,9200,9200,23000,-,Singapore,43000,6,125,341.6,363.4,15,79,5500,31x20,II-Ceg90,"6x5,000",-,-,-,3,1300,15,65,65,-,-,2x20,1500,Dreco,40x40,3000,Oilwell,1.75,60.5,Varco,AR3200C,Varco-TDS-4S,Shaffer,800,P,Varco,,,,,,,,,,,,,,,,,,,,,,,,,,,,,,,,,,,,,,,,,,,,,,,,,,,,,,,,,,,,,,,,,,,,,
58,NOBLE,SAM,CROFT,DS,Gusto,P-10000,2014,-,DNV,10000,12000,40000,3Q/17,US,GOM,64368,11,210,759,118,36,36,22046,32.8,x,113.2,DP-3,6,x,6700,,,1080,3.75,,10,100,100,100,165,2x250+,2x35,"2,500/1,500",NOV,60x80,"9000/4,500",NOV,2-1/8/1-3/4,75.5/60.5,2,x,NOV,ST-160,NOV,TDX,1250,Shaffer,1000,A/P,Hydraracker,IV,ER,NOV,-,-,10000,-,4,NOV,14-P-220,5670,8900,13600,28800,Y,6,1,1,3500,14,NOV,75.5,FT-H,21,75,T/B,Shaffer,12000,15,4.5,2.32/4,2019-02-01 00:00:00,6,Shaffer,2,Shaffer,18x20,886,Vetco,H4,&,Dril-Quip,MUX,Shaffer,Y,2000,,,,,,,,,,,,
-,DPDS1,(prev.,NOBLE,PHOENIX),SS,IHC,Gusto,BV,Pelican,1979,2009,DNV,5000,5000,25000,2Q/15,Brazil,36000,10,120,448.81,105.28,27.2,27.2,9904,23.6,x,27.1,DP-2,"5x1,750","2x,2000",-,-,-,-,-,-,60,60,-,-,40,1500,M-H,40x40,6000,TTS,Sense,1.75,49.5,M-H,MH,750,,,,,,,,,,,,,,,,,,,,,,,,,,,,,,,,,,,,,,,,,,,,,,,,,,,,,,,,,,,,,,,,,
-,DPDS2,(prev.,NOBLE,LEO,SEGERIUS),DS,"Gusto,",Mod.,Pelican,1981,1997,ABS,5500,5500,23000,1Q/17,Brazil,35000,10,150,516,111,24,24,12150,27x23,DP-2,"7x3,300",2.25,3,1900,2.75,4200,6.6,80,80,-,-,40,1500,Aker,44x36,3000,National,1.5,49.5,Varco,AR3200,Va,,,,,,,,,,,,,,,,,,,,,,,,,,,,,,,,,,,,,,,,,,,,,,,,,,,,,,,,,,,,,,,,,,,,,
-,DPDS3,(prev.,NOBLE,ROGER,EASON),DS,"Convn,",Neddrill,1977,1998,BV,7200,7200,23000,3Q/17,Brazil,32000,9,105,541,90,30,30,11163,22.5x26,II-Ceg803,"8x2,100,","1x7,500",-,-,-,-,-,-,50,30,30,-,2x11,1400,Lee,C.,Moore,40x40,3000,Oilwell,1.5,49.5,Varco,AR3200,,,,,,,,,,,,,,,,,,,,,,,,,,,,,,,,,,,,,,,,,,,,,,,,,,,,,,,,,,,,,,,,,,,,
-,DPDS4,(prev.,NOBLE,MURAVLENKO),DS,"Gusto,",Mod.,Pelican,1982,1997,BV,4900,4900,23000,-,US,GOM,17200,12,116,490,79,24,24,7200,27x23,II-Ceg903,"2x3,500,","5x1,750",-,-,-,-,-,-,40,25,-,-,2x10,1000,Dreco,44x36,3000,Oilwell,1.5,49.5,M-H,M-H,DDM,650,Shaffer,,,,,,,,,,,,,,,,,,,,,,,,,,,,,,,,,,,,,,,,,,,,,,,,,,,,,,,,,,,,,,,,,,
59,EIRIK,RAUDE,SS,Bingo,9000,2002,-,DNV,10000,10000,-,1Q/15,,10200,7,140,391,279,39.4,78,6624,23x47.5,DP-3,6,-,-,-,-,-,-,75,75,-,-,-,2000,Hydralift,40x40,4000,Emsco,-,60.5,Hydralift,Hydralift,HPS,1000,AC,Hydralift,"2,000/1,000",A/P,Hydraracker,-,-,-,-,-,3,Emsco,FC-2200,-,-,-,-,-,-,-,-,200,8,Hydralift,-,-,21,-,-,Vetco,-,15,4.5,-,-,4,Cameron,2,Cameron,-,-,Vetco,H4,MUX,Cameron,-,-,,,,,,,,,,,,,,,,,,,,,,,,,
-,LEIV,EIRIKSSON,SS,Bingo,9000,2002,-,DNV,10000,10000,-,2Q/17,,10200,7,140,391,279,39.4,78,6624,23x47.5,DP-3,6,-,-,-,-,-,-,75,75,-,-,-,2000,Hydralift,40x40,4000,Emsco,-,60.5,Hydralift,Hydralift,HPS,1000,AC,Hydralift,"2,000/1,000",A/P,Hydraracker,-,-,,,,,,,,,,,,,,,,,,,,,,,,,,,,,,,,,,,,,,,,,,,,,,,,,,,,,,,,,,,,,,,,,
60,OCEAN,RIG,ATHENA,DS,Saipem,10000,2013,-,ABS,10000,12000,"30,000+",1Q/17,-,59500,12,215,748,138,27.9,39.4,20000,94,x,41,DP-3,"6x7,400",-,-,-,-,-,-,93.72,93.72,93.72,93.72,-,2000,NOV,80x60,5750,NOV,2,60.5,2x,Hydratong,MPT,NOV,Top,Drive,HPS-03,1000,AC,NOV,CMC,+,AHC,1000,A+P,2xNOV,Hydra,Racker,Cyberbase,10000,25000,10000,-,4,NOV,14P220,6698,9290,6290,31924,-,7,1,1,3200,8,dual,NOV,60.5,H,21,90,B,NOV-Shaffer,10000,15,4.5,4,and,2.333,1,+,2,6,NOV-Shaffer,2,NOV-Shaffer,18x21,825,Vetco,SHD,H4,MUX,NOV-Shaffer,Y,2000,,,,,,,
61,OCEAN,RIG,CORCOVADO,DS,Saipem,10000,2011,-,ABS,10000,10000,35000,2Q/15,,-,12,217,748,-,-,-,20000,84x41,DP-3,6,-,-,-,-,-,-,85,85,85,85,-,-,-,-,-,NOV,-,60.5,-,-,-,-,-,-,-,-,-,-,-,3,-,-,-,-,-,-,-,-,-,-,-,-,-,-,-,-,-,-,-,15,-,-,-,-,-,-,-,-,-,-,-,-,-,-,,,,,,,,,,,,,,,,,,,,,,,,,,,,,
-,OCEAN,RIG,MYKONOS,DS,Saipem,10000,2011,-,ABS,10000,10000,35000,2Q/15,,-,12,217,748,-,-,-,20000,84x41,DP-3,6,-,-,-,-,-,-,85,85,85,85,-,-,-,-,-,NOV,-,60.5,-,-,-,-,-,-,-,-,-,-,-,3,-,-,-,-,-,-,-,-,-,-,-,-,-,-,-,-,-,-,-,15,-,-,-,-,-,-,-,-,-,-,-,-,-,-,,,,,,,,,,,,,,,,,,,,,,,,,,,,,
-,OCEAN,RIG,MYLOS,DS,Saipem,10000,2013,-,DNV,10000,12000,"30,000+",3Q/16,-,59500,12,215,748,138,27.9,39.4,20000,94,x,41,DP-3,"6x7,400",-,-,-,-,-,-,93.72,93.72,93.72,93.72,-,2000,NOV,80x60,5750,NOV,2,60.5,2x,Hydratong,MPT,NOV,Top,Drive,HPS-03,1000,AC,NOV,,,,,,,,,,,,,,,,,,,,,,,,,,,,,,,,,,,,,,,,,,,,,,,,,,,,,,,,,,,,,,,
62,OCEAN,RIG,OLYMPIA,DS,Saipem,10000,2011,-,ABS,10000,10000,35000,3Q/17,,-,12,217,748,138,-,-,20000,84x41,DP-3,6,-,-,-,-,-,-,85,85,85,85,-,-,-,-,5750,NOV,-,60.5,NOV,Hydratong,NOV,HPS-1000,NOV,CMC,+,AHC,1000,A+P,2xNOV,Hydra,Racker,-,-,-,-,-,3,-,-,-,-,-,-,-,-,-,-,-,-,-,-,-,-,-,-,-,15,-,-,-,-,-,-,-,-,-,-,-,-,-,-,,,,,,,,,,,,,,,,,,,,,,
-,OCEAN,RIG,POSEIDEN,DS,Saipem,10000,2011,-,ABS,10000,10000,35000,2Q/18,,-,12,217,748,-,-,-,20000,84x41,DP-3,6,-,-,-,-,-,-,85,85,85,85,-,-,-,-,-,NOV,-,60.5,-,-,-,-,-,-,-,-,-,-,-,3,-,-,-,-,-,-,-,-,-,-,-,-,-,-,-,-,-,-,-,15,-,-,-,-,-,-,-,-,-,-,-,-,-,-,,,,,,,,,,,,,,,,,,,,,,,,,,,,,
-,OCEAN,RIG,SKYROS,DS,Saipem,10000,2013,-,DNV,10000,10000,35000,1Q/15,,59500,12,215,748,138,27.9,39.4,20000,94,x,41,DP-3,"6x7,400",-,-,-,-,-,-,93.72,93.72,93.72,93.72,-,2000,NOV,80x60,5750,NOV,2,60.5,2x,Hydratong,MPT,NOV,Top,Drive,HPS-03,1000,AC,NOV,,,,,,,,,,,,,,,,,,,,,,,,,,,,,,,,,,,,,,,,,,,,,,,,,,,,,,,,,,,,,,,
63,DEEPSEA,ATLANTIC,SS,GVA,7500,2009,-,NMD,9840,9840,37500,3Q/15,North,Sea,-,-,156,108,78,32.6,75.5,7000,-,DP-3,8,-,-,-,-,-,-,100,85,-,-,-,-,NOV,Dual,Derrick,-,4600,NOV,-,60.5/49.5,Hydratong,MPT,NOV,HPS-1000,-,-,-,Hydraracker,HR-IV,-,-,-,-,-,4,NOV,14P220,-,-,-,-,-,6,-,-,-,-,-,-,-,-,-,-,-,-,-,-,-,-,-,-,-,-,-,-,-,-,-,-,-,,,,,,,,,,,,,,,,,,,,,,,
-,DEEPSEA,METRO,I,DS,Gusto,P-10000,2011,-,DNV,10000,12000,40000,4Q/14,W,Africa,-,-,210,753,118,-,36,-,-,DP-3,-,-,-,-,-,-,-,-,-,-,-,-,-,NOV,Dual,Derrick,-,6900,NOV,-,-,-,NOV,TDS-1000;TDS-85A,-,-,-,NOV,PRS-5,-,-,-,-,-,4,NOV,14P220,-,-,-,-,-,8,-,-,-,16,-,,,,,,,,,,,,,,,,,,,,,,,,,,,,,,,,,,,,,,,,,,,,,
64,DEEPSEA,METRO,II,DS,Gusto,P-10000,2011,-,DNV,10000,12000,40000,2Q/15,Brazil,-,-,210,753,118,-,36,-,-,DP-3,-,-,-,-,-,-,-,-,-,-,-,-,-,NOV,Dual,Derrick,-,6900,NOV,-,-,-,NOV,TDS-1000;TDS-85A,-,-,-,NOV,PRS-5,-,-,-,-,-,4,NOV,14P220,-,-,-,-,-,8,-,-,-,16,-,-,-,-,-,-,-,-,15,-,-,-,-,Hydril,-,-,-,-,-,MUX,-,-,-,,,,,,,,,,,,,,,,,,,,,,,,
65,DEEPSEA,STAVANGER,SS,GVA,7500,2010,-,NMD,9840,9840,37500,3Q/15,W,Africa,-,-,156,108,78,32.6,75.5,7000,-,DP-3,8,-,-,-,-,-,-,100,85,-,-,-,-,NOV,Dual,Derrick,-,4600,NOV,-,60.5/49.5,Hydratong,MPT,NOV,HPS-1000,-,-,-,Hydraracker,HR-IV,-,-,-,-,-,4,NOV,14P220,-,-,-,-,-,6,-,-,-,-,-,-,-,-,-,-,-,-,15,-,-,-,6,Shaffer,-,-,-,-,-,MUX,-,-,-,,,,,,,,,,,,,,,,,,,,,,,
-,ISLAND,INNOVATOR,SS,GM,4000,2013,-,DNV,4000,4000,-,1Q/15,North,Sea,-,-,120,-,-,-,-,4500,-,DP-3,-,-,-,-,-,-,-,-,-,-,-,-,-,-,-,-,NOV,-,-,-,NOV,HPS-650,-,-,-,-,-,-,-,-,-,3,NOV,14P220,-,-,-,-,-,-,-,-,-,-,-,-,-,-,-,-,-,-,15,-,-,-,5,Cameron,-,-,-,-,-,-,-,-,,,,,,,,,,,,,,,,,,,,,,,,,,,,
66,PACIFIC,BORA,DS,Samsung,10000,2010,-,ABS,10000,10000,37500,3Q/14,Nigeria,60000,12,200,748,138,27.9,39.4,22051,94,x,41,DP-3,6,x,7375,-,-,-,-,-,-,93.72,93.72,93.72,93.72,-,2000,NOV,80x60,5750,NOV,2,60.5,2x,Hydratong,MPT,NOV,Top,Drive,HPS-03,1000,AC,NOV,CMC,+,AHC,1000,A+P,2,x,NOV,Hydra,Racker,Cyberbase,10000,25000,10000,-,4,NOV,14P220,6698,9290,6290,31924,-,7,1,1,3200,8,dual,NOV,60.5,H,21,90,B,NOV-Shaffer,10000,15,4.5,4,and,2.333,1,+,2,6,NOV-Shaffer,2,NOV-Shaffer,18x21,825,Vetco,SHD,H4,MUX,NOV-Shaffer,Y,2000,,,,
67,PACIFIC,KHAMSIN,DS,Samsung,12000,2013,-,DNV,10000,12000,40000,1Q/17,Nigeria,65000,12,200,748,138,27.9,39.4,22051,84,x,41,DP-3,6,x,6031,-,-,-,-,-,-,85,85,85,85,9,2000,NOV,80x60,6900,NOV,2,75.5,/,60.5,2x,Hydratong,MPT,2,x,NOV,TDX,1250,NOV,CMC,+,AHC,-,A+P,2,x,NOV,Hydra,Racker,-,10000,-,10000,-,4,NOV,14P220,6600,12400,6200,31924,-,7,1,1,3600,8,-,75.5,H,21,90,B,NOV-Shaffer,11790,15,4.5,4,and,2.333,1,+,2,6,NOV-Shaffer,2,NOV-Shaffer,18x21,825,Vetco,SHD,H4,MUX,NOV-Shaffer,Y,2000,,,,
68,PACIFIC,MISTRAL,DS,Samsung,12000,2011,-,ABS,10000,12000,37500,1Q/15,Brazil,60000,12,200,748,138,27.9,39.4,22051,94,x,41,DP-3,6,x,7375,-,-,-,-,-,-,93.72,93.72,93.72,93.72,-,2000,NOV,80x60,5752,NOV,2,60.5,2x,Hydratong,MPT,NOV,Top,Drive,HPS-03,1000,AC,NOV,CMC,+,AHC,1000,A+P,4,x,NOV,Hydra,Racker,Cyberbase,10000,25000,10000,-,4,NOV,14P220,6698,9290,6290,31924,-,7,1,1,3200,10,dual,NOV,60.5,H,21,90,B,NOV-Shaffer,12000,15,4.5,4,and,2.333,1,+,2,6,NOV-Shaffer,2,NOV-Shaffer,18x21,825,Vetco,SHD,H4,MUX,NOV-Shaffer,Y,2000,,,,
69,PACIFIC,SANTA,ANA,DS,Sansung,12000,2011,-,ABS,10000,12000,40000,1Q/17,US,GOM,60000,12,200,748,138,27.9,39.4,22051,84,x,41,DP-3,6,x,6031,-,-,-,-,-,-,93.72,93.72,93.72,93.72,55.12,2000,NOV,80x60,5753,NOV,2,75.5,/,60.5,2x,Hydratong,MPT,1xNOV,TDX,1250/1xNOV,HPS-03,1000,AC,NOV,CMC,+,AHC,1000,A+P,5,x,NOV,Hydra,Racker,Cyberbase,5000,10000,36500,-,6,NOV,14P220,6698,9290,6290,31924,-,7,1,1,3600,11,dual,NOV,75.5,H-DGD,21,90,B,NOV-Shaffer,12000,15,4.5,4,and,2.333,1,+,2,6,NOV-Shaffer,2,NOV-Shaffer,18x21,825,Vetco,SHD,H4,MUX,NOV-Shaffer,Y,2000
-,PACIFIC,SCIROCCO,DS,Samsung,12000,2011,-,ABS,10000,12000,40000,1Q/17,Nigeria,60000,12,200,748,138,27.9,39.4,22051,84,x,41,DP-3,6,x,6031,-,-,-,-,-,-,93.72,93.72,93.72,93.72,55.12,2000,NOV,80x60,5751,NOV,2,75.5,/,60.5,2x,Hydratong,MPT,2,x,NOV,Top,,,,,,,,,,,,,,,,,,,,,,,,,,,,,,,,,,,,,,,,,,,,,,,,,,,,,,,,,,,,,,,
-,PACIFIC,SHARAV,DS,Sansung,12000,2014,-,DNV,10000,12000,40000,3Q/19,US,GOM,65000,12,200,748,138,27.9,39.4,22051,84,x,41,DP-3,6,x,6031,-,-,-,-,-,-,85,85,85,85,9,2000,NOV,80x60,6900,NOV,3,75.5,/,60.6,2x,Hydratong,MPT,2,x,NOV,TDX,1250,NOV,CMC,+,AHC,,,,,,,,,,,,,,,,,,,,,,,,,,,,,,,,,,,,,,,,,,,,,,,,,,,,,,,,,
70,LOUISIANA,SS,F&G,L-900,Pacesetter,1998,-,-,6234,6234,30000,2Q/10,Brazil,-,-,-,-,-,-,-,-,-,-,-,-,-,-,-,-,-,-,-,-,-,-,-,-,-,-,-,-,-,-,-,-,-,-,-,-,-,-,-,-,-,-,-,-,-,-,-,-,-,-,-,-,-,-,-,-,-,-,-,-,-,-,-,-,-,-,-,-,-,-,-,-,-,-,-,,,,,,,,,,,,,,,,,,,,,,,,,,,,,,
71,SSV,VICTORIA,SS,GVA,7500,2009,-,-,7874,10000,35000,1Q/17,Brazil,-,-,-,-,-,-,-,-,-,-,-,-,-,-,-,-,-,-,-,-,-,-,-,-,-,-,-,-,-,-,-,-,-,-,-,-,-,-,-,-,-,-,-,-,-,-,-,-,-,-,-,-,-,-,-,-,-,-,-,-,-,-,-,-,-,-,-,-,-,-,-,-,-,-,-,,,,,,,,,,,,,,,,,,,,,,,,,,,,,,
72,ALPHA,STAR,SS,Gusto,DSS-38,2009,-,ABS,9000,9000,25000,-,-,-,-,130,339,228,28.5,67,9622,131x30,DP-2,8,-,-,-,-,-,-,64,64,-,-,-,-,NOV,185x43,6000,NOV,-,60.5,-,NOV,TDS,1000A,NOV,-,-,-,-,-,-,-,-,4,NOV,14P220,triplex,-,-,-,-,-,-,-,-,-,-,-,-,-,-,-,-,-,-,15,-,-,-,3,-,2,Hydril,-,-,-,MUX,Hydril,-,900,,,,,,,,,,,,,,,,,,,,,,,,,,
-,AMARALINA,STAR,DS,Samsung,10000,2001,-,ABS,10000,10000,40000,-,-,9500,1.2,-,715,138,40,-,20000,84x41,DP-3,6,-,-,-,-,-,-,85,85,85,85,10,-,NOV,-,-,NOV,2,60.5,-,NOV,HPS-03,NOV,1500,-,-,-,-,-,-,-,4,NOV,14P220,triplex,6600,6428,-,29664,-,-,1,1,"1,60",,,,,,,,,,,,,,,,,,,,,,,,,,,,,,,,,,,,,,,,,,,,,,,,,,,
-,GOLD,STAR,SS,Gusto,DSS-38,2009,-,ABS,9000,9000,30000,1Q/17,Brazil,53000,-,130,339,228,28.5,67,9622,131x30,DP-2,8,-,-,-,-,-,-,64,64,-,-,-,-,NOV,185x43,6000,NOV,-,60.5,-,NOV,TDS,1000A,NOV,-,-,-,-,-,-,-,-,4,NOV,14P220,triplex,-,-,-,-,-,-,-,-,-,-,-,-,,,,,,,,,,,,,,,,,,,,,,,,,,,,,,,,,,,,,,,,,,,,,,,
73,LAGUNA,STAR,DS,Samsung,10000,2011,-,ABS,10000,10000,40000,-,-,9500,1.2,-,715,138,40,-,20000,84x41,DP-3,6,-,-,-,-,-,-,85,85,85,85,10,-,NOV,-,-,NOV,2,60.5,-,NOV,HPS-03,NOV,1500,-,-,-,-,-,-,-,4,NOV,14P220,triplex,6600,6428,-,29664,-,-,1,1,1600,8,Rucker,-,H,21,90,B,NOV,-,15,-,-,-,3,Shaffer,2,-,-,-,Vetco,SHD,H4,-,-,-,-,,,,,,,,,,,,,,,,,,,,,,,,,
-,LONE,STAR,SS,Gusto,TDS-2000,PLUS,2009,-,ABS,7880,7880,24600,-,-,-,-,140,320,230,24.5,60,6470,131x20,DP-2,8,-,-,-,-,-,-,64,64,-,-,-,2000,NOV,185x40,6000,NOV,-,60.5,-,NOV,TDS,1000A,NOV,800,A,-,-,-,-,-,-,4,NOV,14P220,triplex,4000,2200,-,-,-,4,1,1,2,,,,,,,,,,,,,,,,,,,,,,,,,,,,,,,,,,,,,,,,,,,,,,,,,
74,ROWAN,RENAISSANCE,DS,Gusto,"P10,000",2013,-,ABS,12000,12000,40000,2Q/17,West,Africa,65000,-,210,752,118,31.2,36.1,20000,73.5x42,DP-3,6,x,6700,-,-,-,-,-,-,100,100,100,165,20,2500,-,-,"9,000/6,000",-,-,75.5,/,60.5,-,NOV,1250,-,2500,A+P,-,-,-,-,-,-,5,-,18869,incl.,7547,31783,-,-,-,-,4000,16,-,72,-,21.25,-,-,Cameron,12000,15,-,-,-,7,-,2,-,-,-,-,MUX,Cameron,-,-,,,,,,,,,,,,,,,,,,,,,,,,
-,SAIPEM,10000,DS,Samsung,Heavy,Industries,2000,,ABS,10000,10000,30000,4Q/14,West,Africa,56000,12,170,745,37,26.2,39.4,20000,126x41,DP-3,"6x5,440",,,,,,,85,85,85,85,50,2000,Bailey,60x80,4200,Wirth,2,60.5,Hydralift,Hydralift,750ZE,Hydral,,,,,,,,,,,,,,,,,,,,,,,,,,,,,,,,,,,,,,,,,,,,,,,,,,,,,,,,,,,,,,,,,,,,,,
75,SAIPEM,12000,DS,Samsung,Heavy,Industries,2010,,ABS,12000,12000,25000,3Q/17,West,Africa,64000,12,200,745,37,27.8,39.4,20000,126x41,DP-3,"6x6,000",,,,,,,85,85,85,85,55,2000,NOV,60x80,5750,NOV,2,75.5,NOV,NOV,HPS03,1000,NOV,1000,A/P,NOV,NOV,,26000,,6500,4,NOV,14-P-220,5500,12500,,32000,Y,7,1,1,3200,16,Shaffer,21,H,21,90,T/B,Vetco,12000,15,4.5,4.5,4,6,Shaffer,2,Shaffer,17.7x19.7,880,HDH4,MUX,Shaffer,Y,,,,,,,,,,,,,,,,,,,,,,,,,,
-,SCARABEO,5,SS,ME4500,1990,2003,ABS,6500,6500,25000,-,North,Sea,40000,10,106,265,226,29.5,77,4740,95x23,DP-3,"8x2,350",3,K-4,7900,,,16.5,60,60,,,25,1500,Dreco,40x40,3000,C-E,1.75,49.5,Varco,AR3000,Varco-TDS-4S,M-H,600,A/P,BJ,Mark,II,Sensete,,,,,,,,,,,,,,,,,,,,,,,,,,,,,,,,,,,,,,,,,,,,,,,,,,,,,,,,,,,,,,,,,,
-,SCARABEO,7,SS,F&G,Pacesetter,GVA,1999,-,DNV,4920,4920,25000,-,-,40000,-,150,403,212,-,-,3500,81x21,-,"4x3,200",-,-,-,-,-,-,80,50,-,-,15,1500,Hydralift,40x40,3390,Wirth,-,49.5,-,Hydralift,HPS,650E,Hydralift,600,-,Hydralift,-,-,-,-,-,4,Wirth,TPK,2200,,,,,,,,,,,,,,,,,,,,,,,,,,,,,,,,,,,,,,,,,,,,,,,,,,,,,,,,,,
76,SCARABEO,8,SS,Moss,CD50,MKII,2012,,DNV,10000,10000,35000,2Q/17,North,Sea,54000,9.5,140,273,238,35,77.1,6600,118.6x37.6,DP-3,"8x4,400",3,R5,7900,,,16.5,85,85,,,35,2000,WEI,85x40,4000,NOV,2,60.5,UNITONG,NOV,HPS03,1000,NOV,1000,A/P,NOV,NOV,,20000,,3300,4,NOV,14-P-220,5600,5300,,13400,N,5,1,1,3500,6,NOV,21,H,21,75,T/B,Cameron,10000,15,4.5,4.5,4,5,Cameron,2,Cameron,"12,5x14.8",880,HDH4,MUX,Cameron,Y,,,,,,,,,,,,,,,,,,,,,,,,,,
77,SCARABEO,9,SS,Frigstad,D-90,DRR,2011,,DNV,10000,12000,50000,1Q/17,Gulf,of,Mexico,62000,10,200,265,250,36.8,77.4,7700,137.8x26.2,DP-3,"8x5,766",,,,,,,110,110,,,44,2000,Aker,Solutions,74x25,Dual,RamRig,Aker,Solutions,,60.5,Aker,Solutions,MH,DDM,1000,HY,RR,1000,st,each,Aker,Ram,Rig,2000,A/P,RamRig,DrillView,15000,25000,,6000,4,AS/Bomco,7500,pai,2200,HP,8643,12167,,30000,Y,4,,2,4800,6,Aker,21,RP16,21,50,T/B,Aker,10000,15,4,"4,",3.5,5,5,Shaffer,2,Shaffer,14x14,820,HDH4,MUX,Shaffer,Y,,,,,,,,,,
-,CERRADO,DS,Samsung,10000,2011,-,-,-,-,-,-,-,-,-,200,748,138,28,39,20000,84x41,DP-3,"6x6,000",-,-,-,-,1230,-,85,85,85,85,-,-,-,80x60,5750,-,2,60.5,-,-,-,2000,A,-,-,-,-,-,-,4,-,6000,-,-,30000,-,-,-,-,3200,8,Hydralift,-,FT-h,21,90,both,-,-,15,-,-,-,1,,,,,,,,,,,,,,,,,,,,,,,,,,,,,,,,,,,,,,,,,
-,SC,LANCER,DS,Gusto,Pelican,Ice,Class,II,1977,2000,-,4920,4920,19680,-,Brazil,-,-,100,450,77,-,-,-,-,DP,-,-,-,-,-,-,-,40,25,-,-,-,1000,Pyramid,44x36,3000,Gardner,Denver,1.875,49.5,-,-,-,-,-,-,-,-,-,-,-,2,Gardner,Denver,-,-,-,-,-,-,-,-,-,-,-,-,-,-,-,,,,,,,,,,,,,,,,,,,,,,,,,,,,,,,,,,,,,,,,,,,
78,SERTAO,DS,Samsung,10000,2011,-,-,10000,10000,37400,-,-,-,-,200,748,138,28,39,20000,84x40,DP-3,"6x6,000",-,-,-,-,1230,-,85,85,85,85,-,-,NOV,80x59,5750,-,2,60.5,-,-,-,2000,A,-,-,-,-,-,-,4,-,6000,-,-,30000,-,-,-,-,3200,8,Hydralift,-,FT-H,21,90,both,-,-,15,-,-,-,1,-,2,-,-,-,-,-,-,-,-,,,,,,,,,,,,,,,,,,,,,,,,,,,,,,,
79,SS,AMAZONIA,SS,F&G,ExD,Millennium,2011,-,ABS,7874,7874,25000,-,-,-,-,135,345,254,24,55,5500,87x22,DP-2,"8x3,250",-,-,-,3,1476,-,60,50,50,-,-,2000,Loadmaster,46x40,6000,OEM,TT1500,2,60.5,-,-,Control,Flow,800,A/P,-,-,-,-,-,-,4,LEWCO/Le,Tourneau,5300,-,-,-,-,4,1,1,2500,6,Control,Flow,-,MR-64,21,75,both,VETCO,-,15,-,-,-,5,Cameron,-,-,-,-,-,-,-,-,-,,,,,,,,,,,,,,,,,,,,,,,,,
-,SS,PANTANAL,SS,F&G,ExD,Millennium,2010,-,ABS,6560,6560,25000,-,-,-,-,135,345,254,24,55,5500,87x22,DP-2,"8x3,250",-,-,-,3,1476,-,60,50,50,-,-,2000,Loadmaster,46x40,6000,OEM,TT1500,2,60.5,-,-,Control,Flow,800,A/P,-,-,-,-,-,-,4,LEWCO/Le,Tourneau,5300,,,,,,,,,,,,,,,,,,,,,,,,,,,,,,,,,,,,,,,,,,,,,,,,,,,,,,,,,,
-,VITORIA,10000,DS,Samsung,10000,2010,-,-,10000,10000,37400,-,-,56000,-,200,748,138,28,39,20000,84x41,DP-3,"6x6,000",-,-,-,-,1230,-,85,85,85,85,-,-,NOV,80x60,5750,-,2,60.5,-,-,-,2000,A,-,-,-,-,-,-,4,-,6000,-,-,30000,-,-,-,-,3200,8,Hydralift,-,FT,,,,,,,,,,,,,,,,,,,,,,,,,,,,,,,,,,,,,,,,,,,,,,,,,,
-,WEST,AURIGA,DS,SHI,"S10,000",2013,-,ABS,12000,10000,40000,3Q/20,GoM,56300,12,200,748,138,-,-,18000,-,DP-3,"6x6,000",-,-,-,-,-,-,85,85,85,85,-,2500,-,-,1250,NOV,-,60.5,Hydratong,MPT,200,NOV,1250,NOV,-,A/P,-,-,-,-,-,-,4,NOV,14-P-220,13000,-,-,-,-,6,-,,,,,,,,,,,,,,,,,,,,,,,,,,,,,,,,,,,,,,,,,,,,,,,,,,,,
80,WEST,AQUARIUS,SS,GVA,7500,2009,-,DNV,10000,10000,35000,2Q/17,Asia,/,Canada,50500,6,180,382,317,30.5,75.5,7000,63x26,DP-3,"8x4,690",3.3,-,6561,-,-,-,80,80,-,-,-,2000,MH,47x47,4500,Wirth,4500,-,60.5,Y,908Mt,MH,1000,A/P,MH,-,-,-,-,-,4,Wirth,TPK,-,2200HP,5600,11500,3200,32000,Y,6,0,1,3600,Inline,M-H,60.5,-,19.25,(ID),75,T/B,Cameron,-,15,4.5,3.5,1,5,Cameron,2,Cameron,-,-,Cameron,MUX,Cameron,-,-,,,,,,,,,,,,,,,,,,,,,,,
81,WEST,CAPELLA,DS,Samsung,10000,2008,-,ABS,10000,10000,37500,2Q/17,West,Africa,64500,11,180,748,138,27.2,39.4,20000,84x31,DP-3,"6x5,360",-,-,-,-,-,-,93,93,93,93,-,"1x2,000,","1x1,000",NOV,60x80,5760,SSGD-5760,-,60.5,Y,-2,NOV-Hydralift,HPS10002E-AC-KT,NOV-Hydralift,1000,A/P,NOV,-,-,-,-,-,4,National,Oilwell,14P220,6040,8460,3100,32500,-,6,1,1,3200,16,NOV,60.5,-,19.25,(ID),90,T/B,Shaffer,-,15,4.5,4,1,6,Shaffer,2,Shaffer,-,-,Vetco,H4,MUX,Shaffer,-,-,,,,,,,,,,,,,,,,,,,,,,
-,WEST,CAPRICORN,SS,Friede,&,"Goldman,",ExD,Class,2011,-,ABS,7500,10000,37500,3Q/17,GoM,50500,7,180,379,296,27.7,65.5,7000,-,DPS-2+,"8x4,485",-,-,-,-,-,-,105,105,-,-,44,2500,MH,52x46,4500,Wirth,GH4500,-,60.5,Y,-2,908Mt,MH,1000,A/P,MH,-,-,-,-,-,4,Wirt,,,,,,,,,,,,,,,,,,,,,,,,,,,,,,,,,,,,,,,,,,,,,,,,,,,,,,,,,,
-,WEST,CARINA,DS,Samsung,12000,2014,-,ABS,12000,12000,37500,1Q/15,Asia,56300,12,200,748,138,-,-,18000,-,DP-3,"6x6,000",-,-,-,-,-,-,85,85,85,165,-,2500,-,-,1250,NOV,-,60.5,Hydratong,MPT,200,NOV,1250,NOV,-,A/P,-,-,-,-,-,-,4,NOV,14-P-220,13000,-,-,-,-,,,,,,,,,,,,,,,,,,,,,,,,,,,,,,,,,,,,,,,,,,,,,,,,,,,,,,
-,WEST,ECLIPSE,SS,F&G,ExD,Millennium,2011,-,ABS,7500,12000,37500,1Q/15,West,Africa,40480,4,180,398,298,27.6,55.8,7000,135.6x29.52,DP-2,8x4425,3.3,ORQ4,1443,-,-,13.22,100,100,-,-,44,2000,AKMH,46x52,4500,Wirth,2,60.5,BC26-MH-1899,AKMH-DDM-AC-2M,AKMH,,,,,,,,,,,,,,,,,,,,,,,,,,,,,,,,,,,,,,,,,,,,,,,,,,,,,,,,,,,,,,,,,,,,,,,
82,WEST,EMINENCE,SS,Moss,CS50,MkII,2009,-,DNV,10000,10000,30000,3Q/15,Brazil,50500,8,180,273,239,32.3,77,6100,-,DP-3,"8x4,485",3,-,-,-,-,-,80,80,-,-,-,"1x2,000,","1x1,000",MH,MHram-rig,,,,60.5/49.5,Y,-2,Main,908Mt/Aux,454Mt,MH,"1,500/750",A/P,MH,-,-,-,-,-,4,Wirth,TPK,-,2200HP,6300,6900,3100,29600,Y,5,1,1,3200,Inline,M-H,60,-,21,75,T/B,Cameron,-,15,4.5,3.5,1,5,Cameron,2,Cameron,-,-,Cameron,MUX,Cameron,-,-,,,,,,,,,,,,,,,,,,,,,,
-,WEST,GEMINI,DS,Samsung,10000,2010,-,ABS,10000,10000,37500,4Q/17,West,Africa,64500,11,180,748,138,27.2,39.4,20000,84x31,DP-3,"6x5,360",-,-,-,-,-,-,93,93,93,93,-,"1x2,000,","1x1,000",NOV,60x80,5760,SSGD-5760,-,60.5,Y,-2,NOV-Hydralift,HPS10002E-AC-KT,NOV,,,,,,,,,,,,,,,,,,,,,,,,,,,,,,,,,,,,,,,,,,,,,,,,,,,,,,,,,,,,,,,,,,,,,
83,WEST,HERCULES,SS,GVA,7500,2008,-,DNV,10000,10000,35000,1Q/17,North,Sea,50500,6,180,382,317,30.5,75.5,7000,63x26,DP-3,"8x4,690",3.3,-,6561,-,-,-,80,80,-,-,-,2000,MH,47x47,4500,Wirth,4500,-,60.5,Y,908Mt,MH,1000,A/P,MH,-,-,-,-,-,4,Wirth,TPK,-,2200HP,5600,11500,3200,32000,Y,6,0,1,3600,Inline,M-H,60.5,-,19.25,(ID),75,T/B,Cameron,-,15,4.5,3.5,1,5,Cameron,2,Cameron,-,-,Cameron,MUX,Cameron,-,-,,,,,,,,,,,,,,,,,,,,,,,,
84,WEST,JUPITER,DS,Samsung,12000,2014,-,ABS,12000,12000,37500,1Q/15,Asia,56300,12,200,748,138,-,-,18000,-,DP-3,"6x6,000",-,-,-,-,-,-,85,85,85,165,-,2500,-,-,1250,NOV,-,60.5,Hydratong,MPT,200,NOV,1250,NOV,-,A/P,-,-,-,-,-,-,4,NOV,14-P-220,13000,-,-,-,-,6,-,-,1800,8,-,-,FT-H,19.25,(ID),90,-,Shaffer,-,15,4.5,-,-,7,Shaffer,-,-,-,-,-,-,-,-,-,,,,,,,,,,,,,,,,,,,,,,,,,
-,WEST,LEO,SS,Moss,CS50,MkII,2012,-,DNV,10000,10000,35000,2Q/18,West,Africa,49300,8,192,387,239,32.3,77,6800,-,DP-3,"8x5,100",-,-,-,-,-,-,105,105,-,-,-,2000,NOV,-,5750,NOV,1000,-,60.5,Y,-2,NOV,HPS,1000,NOV,-,A/P,NOV,-,-,-,-,-,4,National,Oilwell,14P2,,,,,,,,,,,,,,,,,,,,,,,,,,,,,,,,,,,,,,,,,,,,,,,,,,,,,,,
85,WEST,NAVIGATOR,DS,MST,Converted,to,Drillship,2000,-,DNV,7500,8200,35000,1Q/15,North,Sea,43000,12,117,830,138,43,43,9900,63x39,DP-3,"4x6,120",+,main,skrew,-,-,-,-,-,-,77,38.6,38.6,11,30/35,"1x1,500",+,"1x1,300",MH,MHram-rig,,,,60.5,-2,Y,-2,MH,1x650,+,1x750,MH,"2x1,300",A/P,MH,-,-,-,-,-,3,National,Oilwell,14P220,6600,5700,,29600,Y,6,1,2,2560,16,M-H,60,-,21,75,T/B,Dril-Quip,-,15,4.5,3.5,1,5,Hydril,2,Hydril,,,DrilQuip,DX,MUX,Hydril,Y,3000,,,,,,,,,,,,,,
-,WEST,NEPTUNE,DS,Samsung,12000,2014,-,ABS,12000,12000,37500,4Q/17,GoM,56300,12,200,748,138,-,-,18000,-,DP-3,"6x6,000",-,-,-,-,-,-,85,85,85,165,-,2500,-,-,1250,NOV,-,60.5,Hydratong,MPT,200,NOV,1250,NOV,-,A/P,-,-,-,-,-,-,4,NOV,14-P-220,13000,-,-,-,-,,,,,,,,,,,,,,,,,,,,,,,,,,,,,,,,,,,,,,,,,,,,,,,,,,,,,,
86,WEST,ORION,SS,Friede,&,"Goldman,",ExD,Class,2010,-,ABS,10000,10000,37500,3Q/16,Brazil,50500,7,180,379,296,27.7,65.5,7000,-,DPS-2+,"8x4,485",-,-,-,-,-,-,105,105,-,-,44,2500,MH,52x46,4500,Wirth,GH4500,-,60.5,Y,-2,908Mt,MH,1000,A/P,MH,-,-,-,-,-,4,Wirth,-,2200HP,6800,11900,4800,27400,Y,8,0,-,4410,Inline,M-H,60.5,-,19.25,(ID),75,T/B,Cameron,-,15,4.5,3.5,1,5,Cameron,2,Cameron,-,-,Cameron,MUX,Cameron,-,-,,,,,,,,,,,,,,,,,,,,,,
87,WEST,PEGASUS,SS,Moss,CS50,MkII,2011,-,DNV,10000,10000,35000,3Q/16,Mexico,49300,8,192,387,239,32.3,77,6800,-,DP-3,"8x5,100",-,-,-,-,-,-,105,105,-,-,-,2000,NOV,-,5750,NOV,1000,-,60.5,Y,-2,NOV,HPS,1000,NOV,-,A/P,NOV,-,-,-,-,-,4,National,Oilwell,14P220,6300,6300,3500,27400,-,6,1,1,3200,Inline,NOV,60.5,-,18.75,(ID),75,T/B,Shaffer,-,15,4.5,3.5,1,6,Shaffer,2,Shaffer,-,-,-,MUX,Shaffer,-,-,,,,,,,,,,,,,,,,,,,,,,
-,WEST,PHOENIX,SS,Moss,CS50,MkII,2008,-,DNV,10000,10000,30000,4Q/15,North,Sea,50500,8,128,273,239,32.3,77,6100,-,DP-3,"8x4,485",3,NV,R4,"8x7,800",-,-,-,80,80,-,-,-,"1x2,000,","1x1,000",MH,MHram-rig,,,,60.5/49.5,Y,-2,Main,908Mt/Aux,454Mt,MH,"1,500/750",A,,,,,,,,,,,,,,,,,,,,,,,,,,,,,,,,,,,,,,,,,,,,,,,,,,,,,,,,,,,,,,,,
-,WEST,POLARIS,DS,Samsung,10000,2008,-,ABS,10000,10000,37500,1Q/18,West,Africa,64500,11,180,748,138,27.2,39.4,20000,84x31,DP-3,"6x5,360",-,-,-,-,-,-,93,93,93,93,-,"1x2,000,","1x1,000",NOV,60x80,5760,SSGD-5760,-,60.5,Y,-2,NOV-Hydralift,HPS10002E-AC-KT,NO,,,,,,,,,,,,,,,,,,,,,,,,,,,,,,,,,,,,,,,,,,,,,,,,,,,,,,,,,,,,,,,,,,,,,
-,WEST,SIRIUS,SS,Friede,&,"Goldman,",ExD,Class,2008,-,ABS,10000,10000,37500,3Q/14,GoM,50500,7,180,379,296,27.7,65.5,7000,-,DPS-2+,"8x4,485",-,-,-,-,-,-,105,105,-,-,44,2500,MH,52x46,4500,Wirth,GH4500,-,60.5,Y,-2,NOV,1250,MH,1000,A/P,MH,-,-,-,-,-,4,Wir,,,,,,,,,,,,,,,,,,,,,,,,,,,,,,,,,,,,,,,,,,,,,,,,,,,,,,,,,
88,WEST,TAURUS,SS,Friede,&,"Goldman,",ExD,Class,2008,-,ABS,10000,10000,37500,1Q/15,Brazil,50500,7,180,379,296,27.7,65.5,7000,-,DPS-2+,"8x4,485",-,-,-,-,-,-,105,105,-,-,44,2500,MH,52x46,4500,Wirth,GH4500,-,60.5,Y,-2,908Mt,MH,1000,A/P,MH,-,-,-,-,-,4,Wirth,-,2200HP,6800,11900,4800,27400,Y,8,0,-,4410,Inline,M-H,60.5,-,19.25,(ID),75,T/B,Cameron,-,15,4.5,3.5,1,5,Cameron,2,Cameron,-,-,Cameron,MUX,Cameron,-,-,,,,,,,,,,,,,,,,,,,,,,
-,WEST,TELLUS,DS,Samsung,12000,2013,-,DNV,10000,12000,37500,3Q/14,West,Africa,56300,12,200,748,138,-,-,18000,-,DP-3,"6x6,000",-,-,-,-,-,-,85,85,85,165,-,2500,-,-,1250,NOV,-,60.5,Hydratong,MPT,200,NOV,1250,NOV,-,A/P,-,-,-,-,-,-,4,NOV,14-P-220,13000,,,,,,,,,,,,,,,,,,,,,,,,,,,,,,,,,,,,,,,,,,,,,,,,,,,,,,,,,
89,WEST,VELA,DS,SHI,"S10,000",2013,-,ABS,10000,12000,37500,4Q/20,GoM,56300,12,200,748,138,-,-,18000,-,DP-3,"6x6,000",-,-,-,-,-,-,85,85,85,85,-,2500,-,-,1250,NOV,-,60.5,Hydratong,MPT,200,NOV,1250,NOV,-,A/P,-,-,-,-,-,-,4,NOV,14-P-220,13000,-,-,-,-,6,-,-,1800,8,-,-,FT-H,19.25,(ID),90,-,Shaffer,-,15,4.5,-,-,7,Shaffer,-,-,-,-,-,-,-,-,-,,,,,,,,,,,,,,,,,,,,,,,,,
-,SEVAN,BRASIL,SS,Sevan,650,2012,-,DNV,10000,12000,40000,3Q/18,Brazil,56300,8,150,-,-,-,-,-,-,-,"8x5,100",-,-,-,-,-,-,100,100,-,-,-,-,-,-,-,-,-,-,-,-,-,-,-,-,-,-,-,-,-,4,-,-,-,-,18000,-,-,-,-,3200,-,DAT,-,-,-,-,-,-,-,15,-,-,-,6,-,-,-,-,-,-,-,-,-,-,,,,,,,,,,,,,,,,,,,,,,,,,,,,,,
-,SEVAN,DEVELOPER,DS,Sevan,650,2014,-,-,12500,12500,40000,2Q/16,Brazil,56300,8,150,-,-,-,-,-,-,-,"8x5,100",-,-,-,-,-,-,100,100,-,-,-,-,-,-,-,-,-,-,-,-,-,-,-,-,-,-,-,-,-,4,-,-,-,-,18000,-,-,-,-,3200,-,DAT,-,-,-,-,-,-,-,15,-,-,-,6,-,-,-,-,-,-,-,-,-,-,,,,,,,,,,,,,,,,,,,,,,,,,,,,,,
90,SEVAN,DRILLER,SS,Sevan,650,2009,-,-,12500,12500,40000,2Q/16,Brazil,-,2019-07-09 00:00:00,150,279,246,-,-,-,-,-,"8x5,100",-,-,-,-,-,-,100,100,-,-,-,-,-,-,-,-,-,-,-,-,-,-,-,-,-,-,-,-,-,4,-,-,-,-,18000,-,-,-,-,3200,-,DAT,-,-,-,-,-,-,-,15,-,-,-,6,-,-,-,-,-,-,-,-,-,-,,,,,,,,,,,,,,,,,,,,,,,,,,,,,,
91,SEVAN,LOUISIANA,SS,Sevan,650,2013,-,-,10000,10000,-,2Q/17,GoM,56300,8,150,-,-,-,-,-,-,-,"8x5,100",-,-,-,-,-,-,100,100,-,-,-,-,-,-,-,-,-,-,-,-,-,-,-,-,-,-,-,-,-,4,-,-,-,-,18000,-,-,-,-,3200,-,DAT,-,-,-,-,-,-,-,15,-,-,-,6,-,-,-,-,-,-,-,-,-,-,,,,,,,,,,,,,,,,,,,,,,,,,,,,,,
92,STENA,CARRON,DS,Stena/Samsung,2008,-,DNV,7500,10000,35000,4Q/16,International,60000,12,180,748,137.8,26.25,39.4,22046,84x41,DP-3,"6x5,500",-,-,-,-,-,14,94,94,94,-,44,2000,NOV-HydraLift,-,Hoist,Cyl,Rig,NOV-HydraLift,-,60.5/,49.5,NOV-HydraLift,NOV-HydraLift,NOV-HydraLift,"1,000/661",A/P,NOV-HydraLift,"Hitec,",MDT,Nil,Nil,15000,Nil,4,NOV,FC2200,5346,15096,3145,29664,1,5,1,1,3600,6,NOV-HydraLift,60.5,F,21,80,Both,Cameron,10000,15,4.5,4.5/4.5,5,6,Cameron,2,Cameron,16.7x13.1,782,SHDH4,MUX,Cameron,Y,2000,,,,,,,,,,,,,,,,,,,,,,,,,,
-,STENA,DRILLMAX,DS,Stena/Samsung,2007,-,DNV,7500,10000,35000,2Q/16,International,56300,12,180,748,137.8,26.25,39.4,22046,84x41,DP-3,"6x5,500",-,-,-,-,-,14,94,94,94,-,44,2000,NOV-HydraLift,-,Hoist,Cyl,Rig,NOV-HydraLift,-,60.5/,49.5,NOV-HydraLift,NOV-H,,,,,,,,,,,,,,,,,,,,,,,,,,,,,,,,,,,,,,,,,,,,,,,,,,,,,,,,,,,,,,,,,,,,,,,,
-,STENA,FORTH,DS,Stena/Samsung,2009,-,DNV,7500,10000,35000,4Q/15,International,60000,12,180,748,137.8,26.25,39.4,22046,84x41,DP-3,"6x5,500",-,-,-,-,-,14,94,94,94,-,44,2000,NOV-HydraLift,-,Hoist,Cyl,Rig,NOV-HydraLift,-,60.5/,49.6,NOV-HydraLift,NOV-Hydr,,,,,,,,,,,,,,,,,,,,,,,,,,,,,,,,,,,,,,,,,,,,,,,,,,,,,,,,,,,,,,,,,,,,,,,,
93,STENA,ICEMAX,DS,Stena/Samsung,2012,-,DNV,7500,10000,35000,2Q/17,International,60000,12,180,748,137.8,26.25,39.4,16535,84x41,DP-3,"6x5,500",-,-,-,-,-,14,94,94,94,94,44,2000,NOV-HydraLift,-,Hoist,Cyl,Rig,NOV-HydraLift,-,60.5/,49.7,NOV-HydraLift,NOV-HydraLift,NOV-HydraLift,"1,000/661",A/P,NOV-HydraLift,"Hitec,",MDT,Nil,Nil,15000,Nil,4,NOV,FC2200,5346,15096,3145,29664,1,5,1,1,3600,6,NOV-HydraLift,60.5,F,21,80,Both,Cameron,10000,15,4.5,4.5/4.5,5,6,Cameron,2,Cameron,16.7x13.1,762,SHDH4,MUX,Cameron,Y,2000,,,,,,,,,,,,,,,,,,,,,,,,,,
-,CAJUN,EXPRESS,SS,SFXpress,2000,2001,-,ABS,8500,8500,35000,4Q/18,Morocco/Senegal,41230,10,140,349,226,29.5,65.5,8800,144x46,DP-3,"4x9,400",-,-,-,3.5,6000,15,71,71,-,-,30,2057,J.Paris,167x39,6600,N-O,Hitec,2,60.5,MOS,CanRig,-,1500,A,Varco-PRS-5R,(2,,,,,,,,,,,,,,,,,,,,,,,,,,,,,,,,,,,,,,,,,,,,,,,,,,,,,,,,,,,,,,,,,,,,
94,DEEPWATER,ASGARD,DS,DSME,12000,Ultradeepwater,DS,2014,-,DNV,10000,12000,40000,Q2,2017,Indonesia,56300,12.5,200,781,138,29.5,39,25353,82x41.3,DP-3,"6x7,372",-,-,-,-,-,-,181,110,110,110,-,5000,Aker,MH,RamRig,"9,000/6,000",Aker,MH,2,75.5/60.5,Aker,MH,BC,561,M-H,MDDM,1250-AC,-2,Aker,MH,CMC,"1,500/1,000",A,Aker,MH,Racking,-,-,-,-,-,4,Aker,MH,Wirth,TPK-7.1/2,8000,12000,5031,28251,-,8,-,-,4000,8,Aker,MH,78.5,H,21,75,-,Cameron,10000,15,-,-,-,7,Cameron,2,Cameron,-,-,Cameron,EVO,MUX,Cameron,Y,-,,,,,,,,,,
95,DEEPWATER,CHAMPION,DS,Transocean/MSC,Gusto,P10000,2011,-,DNV,10000,12000,40000,4Q/19,GoM,60346,14,210,752,118,30,36,23888,73.5x42,DP-2,"6x6,705",-,-,-,-,-,-,181,110,93.5,93.5,-,4000,NOV,80x60,"6.900/5,750",NOV,2,75.5/60.7,Aker,MH,BC,561,NOV,TDS-1000,AC,/,NOV,TDS-8S,AC,NOV,(AHD),"2,260/1,700",A,NOV,PRS-5,-2,NOV,-,-,Y,-,4,National,Oilwell,14P-220,10956,8.975,8440,32000,-,8,1,1,3500,14,NOV,72,G,21,75,-,Vetco,10000,15,4.5,4,1,6,Hydril,2,Hydril,-,-,Vetco,SHDH4,MUX,Hydril,Y,-,,,,,,,,,,,,,,
-,DEEPWATER,DISCOVERY,DS,RBF/Samsung,2000,-,ABS,10000,10000,30000,3Q/18,Nigeria,42900,12.2,140,746.5,137.8,27.9,39.4,24251,52x40,DPS,3,"6x7,375",-,-,-,-,-,44.1,88.2,88.2,88.2,88.2,-,1200,Dreco,95x75,5000,C-E,2,60.5,Varco,AR3200C,Varco,TDS-4S,Shaffer,,,,,,,,,,,,,,,,,,,,,,,,,,,,,,,,,,,,,,,,,,,,,,,,,,,,,,,,,,,,,,,,,,,,,,,
-,DEEPWATER,EXPEDITION,DS,Rauma,Repola,Arctic,1999,-,DNV,8500,8500,30000,4Q/18,Saudi,Arabia,26000,14,130,564,93,26,26,8500,26x28,Autr.,DP.,"6x3,750",3,2,"1,080/990",-,-,2x6.0,80,80,40,-,30,2600,Enfab,55x85,5000,C-E,2,49.5,Varco,AR3200C,Varco,TDS-4S,Sha,,,,,,,,,,,,,,,,,,,,,,,,,,,,,,,,,,,,,,,,,,,,,,,,,,,,,,,,,,,,,,,,,,,,
-,DEEPWATER,FRONTIER,DS,Conoco/Reading,&,Bates,1999,-,ABS,10000,10000,30000,3Q/18,Australia,46797,10,160,726,138,28,43,22928,42x41,DP-3,"6x5,360",-,-,-,-,-,-,50,50,50,85,35,2000,Dreco,48x40,6600,Dreco/Hitec,2,60.5,Varco,AR3200,Varco,TDS-8S,Hitec,Acti,,,,,,,,,,,,,,,,,,,,,,,,,,,,,,,,,,,,,,,,,,,,,,,,,,,,,,,,,,,,,,,,,,,,,
-,DEEPWATER,INVICTUS,DS,DSME,12000,Ultradeepwater,DS,2014,-,DNV,10000,12000,40000,Q2,2017,GoM,56300,12.5,200,781,138,29.5,39,25353,82x41.3,DP-3,"6x7,372",-,-,-,-,-,-,181,110,110,110,-,5000,Aker,MH,RamRig,"9,000/6,000",Aker,MH,2,75.5/60.6,Aker,MH,BC,561,,,,,,,,,,,,,,,,,,,,,,,,,,,,,,,,,,,,,,,,,,,,,,,,,,,,,,,,,,,,,,,,,,,
-,DEEPWATER,MILLENNIUM,DS,Conoco/Reading,&,Bates,1999,-,ABS,10000,10000,30000,2Q/19,Australia,46797,10,130,726,138,28,43,22928,42x41,DP-3,"6x5,360",-,-,-,-,-,-,55,55,55,94,35,2000,Dreco,48x40,6600,Dreco/Hitec,2,60.5,Varco,AR3200,Varco,TDS-8S,Hitec,Ac,,,,,,,,,,,,,,,,,,,,,,,,,,,,,,,,,,,,,,,,,,,,,,,,,,,,,,,,,,,,,,,,,,,,,
-,DEEPWATER,NAVIGATOR,DS,Earl,&,Wright,Sedco,400,1971,2000,DNV,7200,7200,25000,1Q/20,Brazil,24000,6,127,550.3,86.5,25,25,12304,29x29.3,NMD-2,"11x800,","4x2,000",2.25,K3,1900,-,-,2x6.2,79,24,79,-,34,1500,Dreco,40x40,3000,Oilwell,1.75,60.5,Varco,AR3200C,,,,,,,,,,,,,,,,,,,,,,,,,,,,,,,,,,,,,,,,,,,,,,,,,,,,,,,,,,,,,,,,,,,,,,
-,DEEPWATER,PATHFINDER,DS,Conoco/Reading,&,Bates,1998,-,ABS,10000,10000,30000,2Q/19,GoM,46797,10,130,726,138,28,43,22928,42x41,DP-3,"6x5,360",-,-,-,-,-,-,50,50,50,85,35,2000,Dreco,48x40,6600,Dreco/Hitec,2,60.5,Varco,AR3200,Varco,TDS-8S,Hitec,Active,A,,,,,,,,,,,,,,,,,,,,,,,,,,,,,,,,,,,,,,,,,,,,,,,,,,,,,,,,,,,,,,,,,,,,
96,DEVELOPMENT,DRILLER,III,SS,Keppel,Fels,MSC,DSS,51,2009,-,ABS,7500,10000,37500,4Q/20,GoM,54080,5,200,257,256,32,67,14881,136x25,DPS,2,"8x5,360",3.5,K4,1970,-,-,16.5,150,150,16.5,-,-,3000,NOV,57x52,"6,900/4,600",NOV,2,60.5/49.5,NOV,ARN-200,-2,NOV,HPS-1000,&,NOV,HPS-500,NOV,(AHD),"2,000/1,000",A,Hydralift,Br.,Crane,NOV,-,-,Y,-,4,NOV,14-P-220,19500,10000,4717,48000,-,7,-,-,3000,12,NOV,20,-,21,75,-,Kvaerner,7500,15,4,6,1,6,Hydril,2,Hydril,-,-,Vetco,SHDH4,MUX,Hydril,Y,1653,,,,,,,,,,,,,,
97,DHIRUBHAI,DEEPWATER,KG1,DS,Samsung,10000,2009,-,ABS,10000,12000,35000,3Q/18,India,56320,12,200,748,137,28,39,22046,84x41,DP-3,"6x5,500",-,-,-,-,-,-,94,94,94,94,-,4000,NOV,80x60,5750,NOV,2,60.5,dual,Hydro,racker,Hydralift,HPS-1000,2E,AC,NOV,CMC-1000-25,"2x1,000",P,Hydraracker,HR-IV,NOV,-,Y,Y,-,4,NOV,14-P-220,5500,6500,5031,31384,-,6,1,1,3200,8,Shaffer,60.5,H,21,90,T,Shaffer,10000,15,4.5,4,1,6,Shaffer,2,Shaffer,-,884,Vetco,DWHD,H4,MUX,Shaffer,Y,-,,,,,,,,,,,,,,,,,,,
97,DHIRUBHAI,DEEPWATER,KG2,DS,Samsung,10000,2010,-,ABS,12000,12000,35000,1Q/19,India,56320,12,200,748,137,28,39,22046,84x41,DP-3,"6x5,500",-,-,-,-,-,-,94,94,94,94,-,4000,NOV,80x60,5750,NOV,2,60.5,Dual,Hydro,racker,Hydralift,HPS-1000,2E,AC,NOV,CMC-1000-25,"2x1,000",P,Hydraracker,HR-IV,NOV,-,Y,Y,-,4,NOV,14-P-220,5500,6500,5031,31384,-,6,1,1,3200,8,Shaffer,60.5,H,21,90,T,Shaffer,12000,15,4.5,4,1,6,Shaffer,2,Shaffer,-,884,Vetco,DWHD,H4,MUX,Shaffer,Y,-,,,,,,,,,,,,,,,,,,,
98,DISCOVERER,AMERICAS,DS,Enhanced,Enterprise,Class,2009,-,DNV,10000,12000,40000,1Q/20,Tanzania,56320,12,200,835,125,39,42,22046,72.5x30,SDP,32,"6x7,000",-,-,-,-,-,-,110,110,110,110,-,5000,Dreco,80x80,"6,900x2",NOV,2,75.5/60.7,AR-5000,M-H,MDDM,1250-AC,-2,NOV,(AHD),"2x2,000",A,NOV,PRS-5,-2,NOV,-,-,Y,-,4,NOV,HEX-240,7890,11568,11095,32000,-,10,MC,MC,4800,6,Hydralift,60,G,21,75,T/B,Vetco,10000,15,4.5,4.5,1,6,Hydril,1,Hydril,18x15,632,Vetco,SHDH4,MUX,Hydril,Y,-,,,,,,,,,,,,,,,,,,,,
98,DISCOVERER,CLEAR,LEADER,DS,Enhanced,Enterprise,Class,2009,-,DNV,10000,12000,40000,3Q/18,GoM,56320,12,200,835,125,39,42,22046,72.5x30,SDP,32,"6x7,000",-,-,-,-,-,-,110,110,110,110,-,5000,Dreco,80x80,"6,900x2",NOV,2,75.5/60.6,AR-5000,M-H,MDDM,1250-AC,-2,NOV,(AHD),"2x2,000",A,NOV,PRS-5,-2,NOV,-,-,Y,-,5,NOV,HEX-240,7890,11568,11095,32000,Y,10,MC,MC,4800,6,Hydralift,60,G,21,75,T/B,Vetco,10000,15,4.5,4.5,1,6,Hydril,1,Hydril,18x15,632,Vetco,SHDH4,MUX,Hydril,Y,-,,,,,,,,,,,,,,,,,,,
-,DISCOVERER,DEEP,SEAS,DS,Enterprise,Class,2001,-,DNV,10000,10000,35000,4Q/20,GoM,52000,13,200,835,125,39,42,22050,80x30,DP-2,"6x7,000",-,-,-,-,-,-,66,66,66,66,-,4000,Dreco,80x80,5000,C-E,2,60.5,-2,Varco,AR3200,Varco,TDS-8SS,-2,Shaffer,"2x1,000",A,Va,,,,,,,,,,,,,,,,,,,,,,,,,,,,,,,,,,,,,,,,,,,,,,,,,,,,,,,,,,,,,,,,,
-,DISCOVERER,ENTERPRISE,DS,Enterprise,Class,1999,-,DNV,10000,10000,35000,4Q/18,GoM,52000,13,200,835,125,39,42,22050,80x30,DP-2,"6x7,000",-,-,-,-,-,-,66,66,66,66,-,4000,Dreco,80x80,5000,C-E,2,60.5,-2,Varco,AR3200,Varco,TDS-8SS,-2,Shaffer,"2x1,000",A,V,,,,,,,,,,,,,,,,,,,,,,,,,,,,,,,,,,,,,,,,,,,,,,,,,,,,,,,,,,,,,,,,,,
-,DISCOVERER,INDIA,DS,Enhanced,Enterprise,Class,2010,-,DNV,10000,12000,40000,3Q/20,GoM,56320,12,220,835,125,39,42,22046,72.5x30,SDP,32,"6x7,000",-,-,-,-,-,-,110,110,110,110,-,5000,Dreco,80x80,"6,900x2",NOV,2,75.5/60.5,AR-5000,M-H,MDDM,1250-AC,-2,NOV,(A,,,,,,,,,,,,,,,,,,,,,,,,,,,,,,,,,,,,,,,,,,,,,,,,,,,,,,,,,,,,,,,,,,,
-,DISCOVERER,INSPIRATION,DS,Enhanced,Enterprise,Class,2010,-,DNV,10000,12000,40000,1Q/19,GoM,56320,12,200,835,125,39,42,22046,72.5x30,SDP,32,"6x7,000",-,-,-,-,-,-,110,110,110,110,-,5000,Dreco,80x80,"6,900x2",NOV,2,75.5/60.8,AR-5000,M-H,MDDM,1250-AC,-2,,,,,,,,,,,,,,,,,,,,,,,,,,,,,,,,,,,,,,,,,,,,,,,,,,,,,,,,,,,,,,,,,,,,,
-,DISCOVERER,LUANDA,DS,Enhanced,Enterprise,Class,2010,-,DNV,7500,12000,40000,1Q/22,Angola,56320,13,200,835,125,39,42,22046,72x30,SDP,32,"6x7,000",-,-,-,-,-,-,182,110,110,110,-,5000,Dreco,80x80,"6,900x2",NOV,2,75.5/60.5,AR-5000,M-H,MDDM,1250-AC,-2,NOV,(,,,,,,,,,,,,,,,,,,,,,,,,,,,,,,,,,,,,,,,,,,,,,,,,,,,,,,,,,,,,,,,,,,,
-,DISCOVERER,SEVEN,SEAS,DS,Sonat,Discoverer,1976,1997,ABS,7000,7000,25000,3Q/18,Indonesia,21500,10,140,534,86,16.7,24.9,9507,26x26,DP,"6x2,500",-,-,-,-,-,-,35,35,60,-,-,1330,Pyramid,46x54,3000,C-E,1.75,49.5,-,Varco,TDS-4S,HSMC,600,P,BJ,Oilfield,Instr,,,,,,,,,,,,,,,,,,,,,,,,,,,,,,,,,,,,,,,,,,,,,,,,,,,,,,,,,,,,,,,,,,
99,DISCOVERER,SPIRIT,DS,Enterprise,Class,2000,-,DNV,10000,10000,35000,2Q/18,GoM,52000,13,200,835,125,39,42,22050,80x30,DP-2,"6x7,000",-,-,-,-,-,-,66,66,66,66,-,4000,Dreco,80x80,5000,C-E,2,60.5,-2,Varco,AR3200,Varco,TDS-8SS,-2,Shaffer,"2x1,000",A,Varco-PRS-5,-2,MDT,Y,-,Y,-,4,National,Oilwell,14P-220,6000,9000,9026,32000,Y,8,2,2,4800,6,Hydralift,60.5,F,21,75,I/B,Vetco,10000,15,4.5,3.826,2,6,Hydril,1,Hydril,18x15,708,Vetco,HDH4,MUX,Hydril,Y,2000,,,,,,,,,,,,,,,,,,,,,,
100,GSF,C.R.,LUIGS,DS,Global,Marine,456,Class,2000,-,ABS,10000,10000,35000,2Q/18,GoM,46320,12,150,759,118,28,33,24600,42x42,DPS-3,"6x6,700",-,-,-,-,-,-,77,77,48,48,40,2000,Dreco,60x55,5000,National,2,49.5,Varco,AR3200,Varco,TDS-1000,AC,Shaffer,1000,A/P,Varco-PRS-4i,Varco,Y,-,Y,-,4,National,Oilwell,14P-220,3000,8000,9594,27500,Y,8,2,-,3000,12,Shaffer,21.25,F,21,75,T/B,S&S,10000,15,4.5,4,4,6,Cameron,1,Shaffer,15x20,726,Vetco,HDH4,MUX,Cameron,Y,1500,,,,,,,,,,,,,,,,,,,,,
101,GSF,DEVELOPMENT,DRILLER,II,SS,F&G,ExD,2005,-,ABS,7500,10000,37500,2Q/18,GoM,40766,8,152,324,258,26.9,49.2,7716,140x28,DPS-2+,"8x4,300",3.25,ORQ-K4,3260,3.5,10500,16.5,165,165,17,-,39,3000,"(2,000/1,000)",Bailey,52x57,"7,000/4,500",National,1.75,-2,60.5/49.5,Hydralift,ARN-166,-2,Hydralift,HPS-1000,2E,AC/HPS-500,E,AC,National,"2,000/1,000",A,Hydralift,Br.,Crane,Hydralift,-,Y,Y,-,4,National,Oilwell,14P-220,6850,12200,4868,27395,Y,7,-,2,3000,12,Hydralift,60.5,F,21,75,T/B,Kværner,7500,15,4.5,6,5,5,Hydril,1,Hydril,18x15,750,Vetco,HDH4,MUX,Hydril,Y,"2,000/1,000",,,,,,,,,,,,,,
-,GSF,EXPLORER,DS,Global,Santa,Fe,1972,1998,ABS,7800,7800,30000,3Q/18,India,36780,10,140,619,116,35,34,26350,74x42,DPS-2,"5x2,200,","4x3,000",-,-,-,-,-,-,65,65,25,25,33,2000,M.I.L.,42x61,5000,National,2,49.5,Varco,AR3200,Varco,TDS-1000,AC,Shaffer,1000,,,,,,,,,,,,,,,,,,,,,,,,,,,,,,,,,,,,,,,,,,,,,,,,,,,,,,,,,,,,,,,,,,,
-,GSF,JACK,RYAN,DS,Global,Marine,456,Class,2000,-,ABS,10000,10000,35000,3Q/18,Nigeria,46320,12,150,759,118,28,33,24600,42x42,DPS-3,"6x6,750",-,-,-,-,-,-,77,77,48,48,40,2000,Dreco,60x55,5000,National,2,49.5,Varco,AR3200,Varco,TDS-1000,AC,Shaffer,1000,,,,,,,,,,,,,,,,,,,,,,,,,,,,,,,,,,,,,,,,,,,,,,,,,,,,,,,,,,,,,,,,,,
-,PETROBRAS,10000,DS,Samsung,10000,2009,-,ABS,10000,12000,37500,3Q/23,Brazil,58656,11,199,748,137,28,39,22046,84x41,DP-3,"6x6,035",-,-,-,-,-,-,94,94,94,94,-,4000,NOV,80x60,"5,750x2",NOV,2,60.5,-2,dual,Hydro,racker,Hydralift,HPS-1000,2E,AC,NOV-CMC-1000-,,,,,,,,,,,,,,,,,,,,,,,,,,,,,,,,,,,,,,,,,,,,,,,,,,,,,,,,,,,,,,,,,,,
-,SEDCO,702,SS,Sedco,700,Series,1973,2007,ABS,6500,6500,25000,1Q/20,Nigeria,26550,5,150,355,245,21,83,4400,20x20,SDP,32,"8x3,000",-,-,-,-,-,-,67,54,-,-,-,1300,LCMoore,50x40,3000,Oilwell,1.75,49.5,NOV,ST-80,Varco,TDS-4S,Rucker,600,P,-,-,-,Y,-,-,3,Nati,,,,,,,,,,,,,,,,,,,,,,,,,,,,,,,,,,,,,,,,,,,,,,,,,,,,,,,,,,,
-,SEDCO,706,SS,Sedco,700,Series,1976,2008,ABS,6500,6500,25000,2Q/18,Brazil,26550,5,150,355,245,21,83,4400,20x20,SDP,32,"8x3,000",-,-,-,-,-,-,67,54,-,-,-,1300,Woolslayer,50x40,3000,Oilwell,1.75,60.5,NOV,ST-80,Varco,TDS-4S,Shaffer,600,P,-,-,Y,Y,-,-,3,N,,,,,,,,,,,,,,,,,,,,,,,,,,,,,,,,,,,,,,,,,,,,,,,,,,,,,,,,,,,
-,SEDCO,707,SS,Sedco,700,Series,1976,1997,ABS,6500,6500,19685,4Q/18,Brazil,26400,6,112,355,245,21,70,5000,23x16,DP-2,"8x3,000",3,ORQ,-,-,-,15,52.5,52.5,10,-,-,1000,Dreco,50x50,3000,Oilwell,1.5,49.5,-,Varco,TDS-3,Shaffer,600,P,-,"Hitec,",SDI,Y,-,-,Y,3,N,,,,,,,,,,,,,,,,,,,,,,,,,,,,,,,,,,,,,,,,,,,,,,,,,,,,,,,,,,,,
-,SEDCO,EXPRESS,SS,SFXpress,2000,2001,-,ABS,7500,7500,30000,2Q/18,Nigeria,35700,10,184,349,226,29.5,65.5,11350,135x26,DP-3,"4x9,383",-,-,-,2.5,"2x3,280",15,71,71,-,-,30,2057,J.Paris,167x39,6800,N-O,Hitec,2,60.5,MOS,CanRig,-,1500,A,Varco-PRS-5R,-2,MDT,,,,,,,,,,,,,,,,,,,,,,,,,,,,,,,,,,,,,,,,,,,,,,,,,,,,,,,,,,,,,,,,,,,
102,TRANSOCEAN,BARENTS,SS,Aker,H-6e,2009,-,DNV,6500,10000,30000,2Q/18,Norway,56528,8,140,295,230,32,75,7716,75x34,DP-3,"8x6,000",3.3,R4,6562,-,-,16.5,71,71,-,-,-,3000,"(2,000/1,000)",Aker,MH,-,Dual,RamRig,Dual,RamRig,-,60.5,-2,Aker,Hyd,Roughneck,M-H,MDDM,"1,000-AC",/,500-AC,AKMH,RamRig,"2,000/1,000",A,Aker,MH,Racking,-,-,-,-,-,4,Aker,MH,Wirth,TPK-7.1/2,5025,5675,8805,27545,-,4,-,-,3200,6,Aker,MH,60.5,-,21,75,-,Aker,6500,15,4.5,4,1,5,Cameron,2,Cameron,-,-,Cameron,C-PRO,MUX,Cameron,Y,-,,,,,,,,,,,
103,TRANSOCEAN,SPITSBERGEN,SS,Aker,H-6e,2009,-,DNV,6500,10000,30000,3Q/19,Norway,56528,8,140,295,230,32,75,7716,75x34,DP-3,"8x6,000",3.3,R4,6562,-,-,16.5,71,71,-,-,-,3000,"(2,000/1,000)",Aker,MH,-,Dual,RamRig,Dual,RamRig,-,60.5,-2,Aker,Hyd,Roughneck,M-H,MDDM,"1,000-AC",/,500-AC,AKMH,RamRig,"2,000/1,000",A,Aker,MH,Racking,-,-,-,-,-,4,Aker,MH,Wirth,TPK-7.1/2,5025,5675,8805,27545,-,4,-,-,3200,6,Aker,MH,60.5,-,21,75,-,Aker,6500,15,4.5,4,1,5,Cameron,2,Cameron,-,-,Cameron,C-PRO,MUX,Cameron,Y,-,,,,,,,,,,,
-,PLATINUM,EXPLORER,DS,DSME,Design,2010,,ABS,10000,12000,40000,4Q/15,India,56322,12,180,781,138,27.88,39.8,22046,82,x,41.3,DP,-,3,6,-,6166,HP,each,4,K3,1263,,,,93.7,55.1,55.1,55.1,44,2000,AKMH,52,x,46,4500,Wirth,2,60.5,/,49.5,1xAKMH1899,M,,,,,,,,,,,,,,,,,,,,,,,,,,,,,,,,,,,,,,,,,,,,,,,,,,,,,,,,,,,,,,
104,TITANIUM,EXPLORER,DS,DSME,Design,2012,,ABS,10000,12000,40000,3Q/20,GOM,56322,12,180,781,138,27.88,39.8,22046,82,x,41.3,DP,-,3,6,-,7375,HP,each,4,K3,1263,,,,93.7,93.7,93.7,55.1,44,2500,AKMH,52,x,46,6000,Wirth,2.25,60.5,/,49.5,1xAKMH1899,Mk,II&1xTorqueM,AKMH,Model,DDM-1250-AC-2M,AKMH,CMC,2800,/,1500,A,AKMH/,BRC,AKMH,/,Wirth,N,15000,15000,N,4,Wirth,TPK,2002-07-01 00:00:00,X,14,/2200CL,8936,10535,5118,28252,N,6,,2,4000,16,AKMH,21.25,H,21,75,B,ADR,12000,15,4.5,3.5,3,6,Cameron,2,Cameron,18,x,15.75,790,Cameron,EVO,MUX,Cameron,Y,N
105,TUNGSTEN,EXPLORER,DS,DSME,Design,2013,,ABS,10000,12000,40000,2Q/14,Malaysia,56322,12,200,781,138,27.88,39.8,22046,82,x,41.3,DP,-,3,6,-,7375,HP,each,4,K3,1272,1.3,,,93.7,93.7,93.7,55.1,44,2800,AKMH,52,x,46,9000,Wirth,2.25,75.5,/,49.5,1xAKMH1899,Mk,II&1xTorqueM,AKMH,Model,DDM-1000-AC-2M,AKMH,CMC,2800,/,1500,A,AKMH/,BRC,AKMH,/,Wirth,N,12000,12000,N,4,Wirth,TPK,2002-07-01 00:00:00,X,14,/2200CL,8884,10560,5118,28547,N,8,,2,3600,16,AKMH,21.25,H,21,75,B,ADR,12000,15,4.5,3.5,2,7,Cameron,2,Cameron,20,x,15.75,842,Cameron,EVO,MUX,Cameron,Y,2200
